self,pid,command,shared_obj,symbol
1096051137.0,2360642,python,python,sre_ucs1_match
985840966.0,2360725,python,python,sre_ucs1_match
981755219.0,2360885,python,python,sre_ucs1_match
957064749.0,2360661,python,python,sre_ucs1_match
956158777.0,2360757,python,python,sre_ucs1_match
947126578.0,2360821,python,python,sre_ucs1_match
110305479.0,2360642,python,python,sre_search
102492541.0,2360885,python,python,sre_search
101877612.0,2360853,python,python,sre_ucs1_match
100879110.0,2360821,python,python,sre_search
100600436.0,2360885,python,python,sre_ucs1_match
99267271.0,2360725,python,python,sre_search
98603003.0,2360661,python,python,sre_ucs1_match
98333188.0,2360725,python,python,sre_ucs1_match
97873623.0,2360821,python,python,sre_ucs1_match
94289027.0,2360757,python,python,sre_ucs1_match
94180549.0,2360757,python,python,sre_search
93140401.0,2360661,python,python,sre_search
65274679.0,2360725,python,python,sre_ucs1_count
61400608.0,2360642,python,python,sre_ucs1_count
58125036.0,2360661,python,python,sre_ucs1_count
58079942.0,2360885,python,python,sre_ucs1_count
57127397.0,2360821,python,python,sre_ucs1_count
53902056.0,2360757,python,python,sre_ucs1_count
53164464.0,2360642,python,python,_PyEval_EvalFrameDefault
53083138.0,2360885,python,libc.so.6,_int_malloc
49037544.0,2360757,python,libc.so.6,_int_malloc
48191694.0,2360661,python,python,_PyEval_EvalFrameDefault
46174590.0,2360661,python,libc.so.6,_int_malloc
45699081.0,2360821,python,libc.so.6,_int_malloc
44962124.0,2360821,python,python,_PyEval_EvalFrameDefault
44689114.0,2360725,python,libc.so.6,_int_malloc
44199492.0,2360725,python,python,_PyEval_EvalFrameDefault
43677349.0,2360885,python,python,_PyEval_EvalFrameDefault
38710770.0,2360757,python,python,_PyEval_EvalFrameDefault
36733285.0,2360725,python,python,_PyObject_Malloc
32772102.0,2360661,python,python,_PyObject_Malloc
32021441.0,2360885,python,python,_PyObject_Malloc
31211123.0,2360757,python,python,_PyObject_Malloc
30328304.0,2360642,python,python,_PyObject_Malloc
29108223.0,2360642,python,python,_PyObject_Free
28035222.0,2360821,python,python,_PyObject_Malloc
26360846.0,2360642,python,libc.so.6,_int_malloc
24858998.0,2360725,python,python,_PyObject_Free
24593261.0,2360821,python,python,_PyObject_Free
24277302.0,2360885,python,python,pattern_subx
24102813.0,2360642,python,python,sre_category
23350918.0,2360661,python,python,_PyObject_Free
22725881.0,2360885,python,python,_PyObject_Free
22610542.0,2360661,python,python,pattern_subx
22608115.0,2360642,python,python,pattern_subx
22112483.0,2360757,python,python,pattern_subx
21865050.0,2360821,python,python,sre_category
21791789.0,2360661,python,python,_Py_VectorCall_StackRefSteal
21363612.0,2360725,python,python,pattern_subx
20377595.0,2360725,python,python,sre_category
20130598.0,2360757,python,python,sre_category
19876822.0,2360661,python,python,sre_category
19839048.0,2360725,python,python,_Py_VectorCall_StackRefSteal
19627179.0,2360821,python,python,pattern_subx
19502915.0,2360642,python,python,_Py_VectorCall_StackRefSteal
19391880.0,2360757,python,python,_PyObject_Free
19374153.0,2360885,python,python,sre_category
18124314.0,2360725,python,python,_sre_SRE_Pattern_search
17221485.0,2360642,python,python,_sre_SRE_Pattern_search
16606648.0,2360885,python,python,_Py_VectorCall_StackRefSteal
16376050.0,2360757,python,python,_Py_VectorCall_StackRefSteal
16175490.0,2360821,python,python,_sre_SRE_Pattern_search
16149141.0,2360642,python,python,_PyUnicode_IsAlpha
15897995.0,2360821,python,python,_Py_VectorCall_StackRefSteal
15498386.0,2360757,python,python,_PyEval_EvalFrameDefault
15125017.0,2360885,python,python,_sre_SRE_Pattern_search
14804843.0,2360725,python,python,_PyEval_EvalFrameDefault
14742755.0,2360757,python,python,_sre_SRE_Pattern_search
13911349.0,2360885,python,python,_PyUnicode_IsAlpha
13881350.0,2360885,python,python,_PyEval_EvalFrameDefault
13576756.0,2360661,python,python,_sre_SRE_Pattern_search
13342234.0,2360821,python,python,_PyEval_EvalFrameDefault
13174910.0,2360821,python,libc.so.6,__memcpy_generic
13164777.0,2360853,python,python,_PyEval_EvalFrameDefault
12671170.0,2360757,python,python,_PyUnicode_JoinArray.part.0
12519598.0,2360661,python,python,_PyEval_EvalFrameDefault
12432563.0,2360821,python,libc.so.6,malloc
12392393.0,2360885,python,python,PyUnicode_Substring
12173715.0,2360757,python,python,_PyUnicode_ToLowercase
12129556.0,2360725,python,python,sre_search
11924626.0,2360885,python,libc.so.6,__memcpy_generic
11924093.0,2360725,python,python,_PyUnicode_ToLowercase
11900267.0,2360821,python,python,_PyUnicode_IsAlpha
11667201.0,2360757,python,python,_PyUnicode_IsAlpha
11429499.0,2360661,python,python,_PyUnicode_ToLowercase
11429290.0,2360757,python,libc.so.6,__memcpy_generic
11427919.0,2360642,python,python,_PyUnicode_ToLowercase
11416282.0,2360821,python,python,PyUnicode_Substring
11179994.0,2360642,python,python,_PyUnicode_JoinArray.part.0
11179451.0,2360642,python,python,PyUnicode_Substring
10928466.0,2360725,python,python,PyUnicode_Substring
10683921.0,2360661,python,python,PyUnicode_Substring
10683735.0,2360821,python,python,_PyUnicode_ToLowercase
10681871.0,2360885,python,python,_PyUnicode_ToLowercase
10187201.0,2360757,python,python,PyUnicode_Substring
10184016.0,2360661,python,libc.so.6,__memcpy_generic
10145288.0,2360885,python,python,pattern_new_match
9933411.0,2360725,python,libc.so.6,__memcpy_generic
9722746.0,2360661,python,libc.so.6,malloc
9690767.0,2360757,python,python,PyErr_Occurred
9676758.0,2360821,python,libc.so.6,_int_free
9446524.0,2360642,python,libc.so.6,__memcpy_generic
9440471.0,2360885,python,python,_PyUnicode_JoinArray.part.0
9440229.0,2360757,python,python,sre_search
9193172.0,2360642,python,python,_PyArg_UnpackKeywords
8958101.0,2360885,python,libc.so.6,malloc
8944837.0,2360661,python,python,_PyUnicode_IsAlpha
8942793.0,2360661,python,python,sre_search
8723237.0,2360642,python,python,PyErr_Occurred
8695329.0,2360725,python,python,_PyUnicode_JoinArray.part.0
8693845.0,2360821,python,python,_PyUnicode_JoinArray.part.0
8679505.0,2360725,python,python,sre_ucs1_count
8439367.0,2360885,python,python,sre_search
8423197.0,2360661,python,python,pattern_new_match
8203005.0,2360821,python,python,pattern_new_match
8197069.0,2360725,python,python,_PyUnicode_IsAlpha
8194824.0,2360642,python,python,pattern_new_match
8181737.0,2360642,python,libc.so.6,cfree@GLIBC_2.17
7950657.0,2360725,python,python,PyErr_Occurred
7948653.0,2360642,python,libc.so.6,malloc
7921306.0,2360725,python,libc.so.6,_int_free
7729053.0,2360642,python,libc.so.6,unlink_chunk.isra.0
7711079.0,2360642,python,libc.so.6,_int_free_create_chunk
7703227.0,2360661,python,python,_Py_Dealloc
7701747.0,2360661,python,python,_PyUnicode_JoinArray.part.0
7700854.0,2360885,python,python,PyErr_Occurred
7700568.0,2360853,python,python,sre_search
7668528.0,2360725,python,libc.so.6,malloc
7654926.0,2360821,python,python,sre_search
7445743.0,2360757,python,python,PyMem_Free
7207252.0,2360642,python,python,_Py_Dealloc
7204902.0,2360661,python,libc.so.6,_int_free
7194457.0,2360821,python,python,_Py_Dealloc
7187095.0,2360757,python,libc.so.6,_int_free_merge_chunk
6964424.0,2360757,python,python,pattern_new_match
6959743.0,2360725,python,python,pattern_new_match
6953895.0,2360885,python,python,_PyArg_UnpackKeywords
6721711.0,2360757,python,libc.so.6,malloc
6712860.0,2360661,python,libc.so.6,unlink_chunk.isra.0
6700329.0,2360885,python,libc.so.6,cfree@GLIBC_2.17
6682440.0,2360642,python,libc.so.6,_int_free
6680756.0,2360642,python,python,_Py_dict_lookup
6642881.0,2360821,python,python,_PyArg_UnpackKeywords
6463693.0,2360757,python,python,_Py_Dealloc
6462616.0,2360885,python,libc.so.6,_int_free_merge_chunk
6460199.0,2360661,python,python,PyErr_Occurred
6459532.0,2360642,python,python,PyUnicode_New.part.0
6458791.0,2360725,python,python,_PyUnicode_IsDecimalDigit
6447302.0,2360821,python,python,PyErr_Occurred
6400642.0,2360821,python,python,_PyUnicode_IsDecimalDigit
6232623.0,2360821,python,libc.so.6,unlink_chunk.isra.0
6217417.0,2360661,python,libc.so.6,_int_free_merge_chunk
6211914.0,2360757,python,libc.so.6,_int_free
6210325.0,2360642,python,python,_PyUnicode_IsDecimalDigit
6204720.0,2360885,python,libc.so.6,_int_free
6199806.0,2360642,python,libc.so.6,_int_free_merge_chunk
6188930.0,2360821,python,python,sre_ucs1_count
6162553.0,2360661,python,python,method_vectorcall_FASTCALL_KEYWORDS_METHOD
5986528.0,2360725,python,libc.so.6,unlink_chunk.isra.0
5964658.0,2360821,python,libc.so.6,_int_free_merge_chunk
5962871.0,2360757,python,python,_Py_dict_lookup
5962731.0,2360725,python,libc.so.6,_int_free_merge_chunk
5961567.0,2360725,python,python,_Py_Dealloc
5935747.0,2360642,python,python,PyMem_Free
5715420.0,2360757,python,libc.so.6,unlink_chunk.isra.0
5715143.0,2360821,python,python,PyUnicode_New.part.0
5714881.0,2360661,python,python,_PyArg_UnpackKeywords
5714708.0,2360853,python,python,sre_ucs1_count
5713920.0,2360642,python,python,list_dealloc
5713786.0,2360725,python,python,PyUnicode_New.part.0
5713164.0,2360885,python,python,sre_ucs1_count
5709823.0,2360885,python,python,_PyUnicode_IsDecimalDigit
5679435.0,2360661,python,libc.so.6,_int_free_create_chunk
5599730.0,2360885,python,python,method_vectorcall_FASTCALL_KEYWORDS_METHOD
5488907.0,2360642,python,python,method_vectorcall_FASTCALL_KEYWORDS_METHOD
5478471.0,2360821,python,python,method_vectorcall_FASTCALL_KEYWORDS_METHOD
5475545.0,2360757,python,python,PyObject_Vectorcall
5465712.0,2360821,python,python,PyMem_Free
5286686.0,2360757,python,python,method_vectorcall_FASTCALL_KEYWORDS_METHOD
5218383.0,2360642,python,python,_PyFrame_ClearExceptCode
5217408.0,2360661,python,python,initialize_locals
5217279.0,2360757,python,python,_PyArg_UnpackKeywords
5217113.0,2360725,python,python,PyObject_GC_UnTrack
5216171.0,2360661,python,python,sre_ucs1_count
5202378.0,2360757,python,libc.so.6,cfree@GLIBC_2.17
5187459.0,2360725,python,python,_PyTypeCache_Lookup
5126281.0,2360661,python,python,PyObject_Vectorcall
4990819.0,2360757,python,python,sre_ucs1_count
4983254.0,2360725,python,libc.so.6,cfree@GLIBC_2.17
4981845.0,2360661,python,python,PyMem_Free
4977302.0,2360821,python,libc.so.6,_int_free_create_chunk
4976245.0,2360885,python,libc.so.6,unlink_chunk.isra.0
4969478.0,2360661,python,python,PyUnicode_New.part.0
4968944.0,2360821,python,python,PyObject_GC_UnTrack
4957243.0,2360885,python,python,_Py_Dealloc
4733323.0,2360725,python,python,PyMem_Free
4724419.0,2360885,python,libc.so.6,_int_free_create_chunk
4720990.0,2360642,python,python,PyObject_Vectorcall
4720913.0,2360757,python,python,list_dealloc
4720621.0,2360757,python,python,PyUnicode_New.part.0
4720519.0,2360725,python,python,_PyArg_UnpackKeywords
4720324.0,2360725,python,python,_PyUnicode_IsNumeric
4710648.0,2360725,python,python,method_vectorcall_FASTCALL_KEYWORDS_METHOD
4695115.0,2360821,python,python,_PyObject_Malloc
4496908.0,2360725,python,libc.so.6,_int_free_create_chunk
4491452.0,2360661,python,python,PyMem_Realloc
4476132.0,2360885,python,python,PyMem_Free
4472346.0,2360821,python,python,PyObject_Vectorcall
4471524.0,2360642,python,python,_PyUnicode_IsDigit
4470628.0,2360661,python,python,_PyUnicode_IsDecimalDigit
4467464.0,2360661,python,libc.so.6,cfree@GLIBC_2.17
4368898.0,2360661,python,python,_PyObject_Malloc
4236934.0,2360642,python,python,_PyObject_Realloc
4224255.0,2360661,python,python,_Py_dict_lookup
4223960.0,2360757,python,python,_PyUnicode_IsDigit
4223840.0,2360885,python,python,_Py_NewReference
4223769.0,2360757,python,python,_PyTypeCache_Lookup
4223577.0,2360725,python,python,_Py_dict_lookup
4223347.0,2360642,python,python,PyMem_Realloc
4223320.0,2360885,python,python,list_dealloc
4222941.0,2360821,python,python,_PyUnicode_IsDigit
4222372.0,2360725,python,python,_PyList_AppendTakeRefListResize
4221969.0,2360885,python,python,_PyList_AppendTakeRefListResize
3991011.0,2360725,python,libc.so.6,_int_free_maybe_consolidate.part.0
3985739.0,2360885,python,python,PyMem_Realloc
3975805.0,2360757,python,python,PyList_New
3975596.0,2360661,python,python,PyObject_GC_UnTrack
3975592.0,2360821,python,python,_PyDict_Subscript
3974683.0,2360642,python,python,_PyTuple_FromStackRefStealOnSuccess
3974677.0,2360642,python,python,_PyUnicode_IsNumeric
3974270.0,2360642,python,python,_PyList_AppendTakeRefListResize
3969058.0,2360757,python,libc.so.6,_int_free_create_chunk
3966858.0,2360757,python,python,_PyObject_Realloc
3937792.0,2360885,python,python,_PyTypeCache_Lookup
3738560.0,2360757,python,python,_PyObject_Malloc
3736348.0,2360725,python,python,PyMem_Realloc
3727986.0,2360725,python,python,PyObject_Vectorcall
3727167.0,2360821,python,python,_Py_dict_lookup
3727042.0,2360642,python,python,PyObject_GC_UnTrack
3726990.0,2360821,python,python,_PyTypeCache_Lookup
3726937.0,2360661,python,python,_PyUnicode_IsNumeric
3726886.0,2360661,python,python,list_dealloc
3726693.0,2360757,python,python,_PyUnicode_IsDecimalDigit
3726464.0,2360661,python,python,_PyUnicode_IsDigit
3726455.0,2360725,python,python,_sre_SRE_Pattern_sub
3726066.0,2360885,python,python,_PyFrame_ClearExceptCode
3725940.0,2360885,python,python,_PyUnicode_IsNumeric
3706881.0,2360885,python,python,_PyObject_Free
3671300.0,2360821,python,libc.so.6,_int_malloc
3478763.0,2360821,python,python,list_dealloc
3478329.0,2360642,python,python,initialize_locals
3478306.0,2360642,python,python,_PyTypeCache_Lookup
3478093.0,2360661,python,python,_PyList_AppendTakeRefListResize
3477824.0,2360725,python,python,_PyObject_Malloc
3474929.0,2360821,python,python,PyObject_Malloc
3237184.0,2360642,python,python,PyType_GetModule
3231012.0,2360725,python,python,_PyUnicode_IsDigit
3230263.0,2360821,python,python,PyList_New
3230189.0,2360757,python,python,_PyList_AppendTakeRefListResize
3229948.0,2360757,python,python,_PyDict_Subscript
3229921.0,2360757,python,python,_PyFrame_ClearExceptCode
3229833.0,2360885,python,python,_PyDict_Subscript
3229724.0,2360725,python,python,list_dealloc
3229162.0,2360885,python,python,_Py_dict_lookup
3229098.0,2360642,python,python,PyList_New
3228615.0,2360885,python,python,_PyObject_Malloc
3208776.0,2360661,python,python,_Py_NewReference
3207159.0,2360725,python,python,_PyObject_Realloc
3205859.0,2360725,python,python,_Py_NewReference
3198488.0,2360821,python,python,PyMem_Realloc
3182134.0,2360821,python,python,_sre_SRE_Pattern_sub
3078502.0,2360757,python,libc.so.6,_int_malloc
3000195.0,2360885,python,libc.so.6,_int_free_maybe_consolidate.part.0
2983133.0,2360885,python,python,PyObject_Vectorcall
2982952.0,2360853,python,python,_PyObject_Free
2982604.0,2360725,python,python,PyMem_Malloc
2981773.0,2360757,python,python,PyObject_GC_UnTrack
2981714.0,2360642,python,python,_sre_SRE_Pattern_sub
2981703.0,2360821,python,python,tuple_dealloc
2981524.0,2360821,python,python,_PyList_AppendTakeRefListResize
2981203.0,2360821,python,libc.so.6,cfree@GLIBC_2.17
2981160.0,2360885,python,python,initialize_locals
2980919.0,2360853,python,python,_PyObject_Malloc
2980512.0,2360885,python,python,_PyObject_Realloc
2978403.0,2360661,python,python,_PyObject_Free
2975934.0,2360661,python,python,PyType_GetModule
2967682.0,2360821,python,python,_PyObject_Free
2746623.0,2360725,python,python,PyLong_FromLong
2737857.0,2360821,python,python,_Py_NewReference
2733321.0,2360757,python,libc.so.6,_int_free_maybe_consolidate.part.0
2733287.0,2360661,python,python,_PyTypeCache_Lookup
2733269.0,2360661,python,python,PyObject_RichCompareBool
2733205.0,2360757,python,python,_PyTuple_FromStackRefStealOnSuccess
2733153.0,2360725,python,python,tuple_hash
2733134.0,2360757,python,python,PyType_GetModule
2732862.0,2360725,python,python,_PyObject_GC_NewVar
2732794.0,2360661,python,python,_sre_SRE_Pattern_sub
2732792.0,2360725,python,python,initialize_locals
2732768.0,2360642,python,python,_PyObject_GenericGetAttrWithDict
2732755.0,2360853,python,python,sre_category
2732753.0,2360757,python,python,_PyUnicode_IsNumeric
2732705.0,2360642,python,python,_PyDict_Subscript
2732525.0,2360642,python,python,PyObject_RichCompareBool
2732461.0,2360885,python,python,PyUnicode_New.part.0
2732041.0,2360885,python,python,unicode_dealloc
2730413.0,2360821,python,python,_Py_VectorCall_StackRefSteal
2725242.0,2360885,python,python,PyType_GetModule
2713036.0,2360885,python,python,_sre_SRE_Pattern_sub
2712912.0,2360757,python,python,_PyObject_GC_NewVar
2496451.0,2360885,python,python,PyLong_FromLong
2491098.0,2360821,python,python,PyMem_Malloc
2485031.0,2360725,python,python,PyUnicode_Join
2484968.0,2360642,python,python,PyMem_Malloc
2484810.0,2360725,python,python,unicode_dealloc
2484718.0,2360821,python,python,memcpy@plt
2484689.0,2360757,python,python,_Py_NewReference
2484665.0,2360642,python,python,_PyEval_FrameClearAndPop
2484619.0,2360885,python,python,PyList_New
2484600.0,2360821,python,python,_PyEval_FrameClearAndPop
2484542.0,2360725,python,python,call_special_method
2484524.0,2360661,python,python,_PyObject_Realloc
2484444.0,2360757,python,python,PyObject_RichCompareBool
2484339.0,2360885,python,python,pattern_subx
2484231.0,2360885,python,python,_PyUnicode_IsDigit
2484214.0,2360757,python,python,initialize_locals
2484175.0,2360757,python,python,_sre_SRE_Pattern_search
2484103.0,2360757,python,python,PyMem_Realloc
2483176.0,2360642,python,python,PyLong_FromLong
2461360.0,2360885,python,python,PyObject_GC_UnTrack
2420908.0,2360725,python,python,PyObject_RichCompareBool
2300734.0,2360885,python,python,_sre_SRE_Pattern_search
2237457.0,2360757,python,python,memcpy@plt
2236814.0,2360661,python,python,PyList_New
2236581.0,2360725,python,python,memcpy@plt
2236441.0,2360642,python,python,PyObject_Malloc
2236435.0,2360885,python,python,PyUnicode_Join
2236377.0,2360661,python,python,tuple_dealloc
2236280.0,2360757,python,python,PyUnicode_Join
2236237.0,2360725,python,python,tuple_dealloc
2236233.0,2360757,python,python,unicode_dealloc
2236224.0,2360821,python,python,tuple_alloc
2236213.0,2360757,python,python,PyObject_Malloc
2236190.0,2360661,python,python,PySequence_Fast
2236167.0,2360661,python,python,tuple_alloc
2236096.0,2360821,python,python,_PyFrame_ClearExceptCode
2236079.0,2360821,python,python,PyUnicode_Join
2236014.0,2360821,python,python,_PyUnicode_IsNumeric
2236005.0,2360661,python,python,unicode_dealloc
2235989.0,2360853,python,python,pattern_subx
2235931.0,2360661,python,python,PyMem_Malloc
2235872.0,2360725,python,python,_PyEvalFramePushAndInit
2235821.0,2360661,python,python,match_dealloc
2235812.0,2360725,python,python,pattern_subx
2235776.0,2360821,python,python,initialize_locals
2235184.0,2360642,python,python,tuple_hash
2227435.0,2360642,python,python,_PyLong_FromMedium
2223331.0,2360642,python,python,_Py_NewReference
2018930.0,2360757,python,[kernel.kallsyms],task_mm_cid_work
2006615.0,2360821,python,python,PyType_GetModule
1995398.0,2360642,python,python,_PyMem_RawMalloc
1988513.0,2360853,python,libc.so.6,__memcpy_generic
1988099.0,2360821,python,libc.so.6,_int_free_maybe_consolidate.part.0
1988025.0,2360725,python,python,_PyObject_GenericGetAttrWithDict
1987935.0,2360853,python,python,_sre_SRE_Pattern_search
1987918.0,2360661,python,python,call_special_method
1987878.0,2360642,python,python,tuple_richcompare
1987823.0,2360821,python,python,getstring
1987802.0,2360757,python,python,PyObject_Hash
1987791.0,2360661,python,python,_PyObject_GenericGetAttrWithDict
1987747.0,2360821,python,python,sre_category
1987731.0,2360725,python,libc.so.6,_int_malloc
1987715.0,2360821,python,python,unicode_dealloc
1987710.0,2360642,python,python,_PyEvalFramePushAndInit
1987699.0,2360821,python,python,PyObject_IsInstance
1987672.0,2360725,python,python,PySequence_Fast
1987508.0,2360757,python,python,_PyObject_GenericGetAttrWithDict
1987485.0,2360757,python,python,tuple_hash
1987469.0,2360757,python,python,PyObject_Free
1987415.0,2360757,python,python,PyLong_FromLong
1987370.0,2360885,python,python,_PyObject_GC_NewVar
1987348.0,2360725,python,python,_PyUnicode_IsAlpha
1987339.0,2360885,python,python,_Py_VectorCall_StackRefSteal
1987283.0,2360757,python,python,_PyUnicode_IsAlpha
1987221.0,2360885,python,python,getstring
1986975.0,2360725,python,python,PyList_New
1984530.0,2360725,python,python,match_dealloc
1982709.0,2360661,python,libc.so.6,_int_free
1935740.0,2360885,python,libc.so.6,_int_malloc
1827700.0,2360661,python,python,_PyLong_FromMedium
1775755.0,2360757,python,python,_Py_VectorCall_StackRefSteal
1764362.0,2360661,python,[kernel.kallsyms],task_mm_cid_work
1750202.0,2360821,python,python,_PyMem_RawFree
1740471.0,2360885,python,python,PyObject_GC_Del
1740397.0,2360821,python,python,match_dealloc
1739458.0,2360642,python,python,PyUnicode_Join
1739448.0,2360661,python,python,PyDict_GetItemRef
1739424.0,2360661,python,python,_PyDict_Subscript
1739419.0,2360725,python,python,sre_category
1739406.0,2360757,python,python,_PyNumber_Index
1739368.0,2360757,python,python,call_special_method
1739337.0,2360725,python,python,_PyMem_RawMalloc
1739326.0,2360661,python,python,PyObject_GC_Track
1739312.0,2360821,python,python,_PyTuple_FromStackRefStealOnSuccess
1739234.0,2360885,python,python,match_dealloc
1739181.0,2360757,python,python,_PyEval_FrameClearAndPop
1739162.0,2360725,python,python,PyObject_GC_Del
1739159.0,2360821,python,python,_PyUnicode_IsAlpha
1739154.0,2360757,python,python,getstring
1739135.0,2360642,python,python,PyObject_IsInstance
1739125.0,2360642,python,python,PySequence_Fast
1739082.0,2360853,python,python,_Py_Dealloc
1739075.0,2360885,python,python,_PyEval_FrameClearAndPop
1739034.0,2360661,python,python,_PyJIT_Entry
1739016.0,2360725,python,python,_PyFrame_ClearExceptCode
1738952.0,2360885,python,python,tuple_alloc
1738912.0,2360661,python,python,_PyMem_RawFree
1738865.0,2360885,python,python,PyObject_RichCompareBool
1738848.0,2360853,python,libc.so.6,_int_malloc
1738831.0,2360725,python,python,PyDict_GetItemRef
1738788.0,2360885,python,python,_PyUnicode_ToLowercase
1738739.0,2360725,python,python,PyType_GetModule
1738725.0,2360757,python,python,PyUnicode_Substring
1738627.0,2360661,python,python,_PyUnicode_ToLowercase
1738563.0,2360661,python,libc.so.6,_int_malloc
1738441.0,2360661,python,python,PyObject_Hash
1738323.0,2360757,python,python,_PyFrame_ClearExceptCode
1737299.0,2360642,python,python,PyObject_Free
1737046.0,2360885,python,python,sre_category
1735091.0,2360821,python,python,PySequence_Fast
1728516.0,2360725,python,python,_PyEval_FrameClearAndPop
1717440.0,2360885,python,python,long_dealloc
1716046.0,2360885,python,python,_PyMem_RawFree
1687753.0,2360661,python,python,_Py_VectorCall_StackRefSteal
1685868.0,2360725,python,python,_PyObject_Free
1585952.0,2360821,python,python,_sre_SRE_Pattern_search
1501787.0,2360821,python,python,PyLong_FromLong
1495818.0,2360885,python,python,_PyLong_FromMedium
1495455.0,2360821,python,python,_PyMem_RawMalloc
1491351.0,2360821,python,python,PyObject_GC_Del
1491293.0,2360821,python,python,PyObject_RichCompareBool
1491187.0,2360821,python,python,call_special_method
1491077.0,2360821,python,python,PyObject_Free
1491016.0,2360642,python,python,call_special_method
1490977.0,2360725,python,python,PyObject_IsInstance
1490972.0,2360661,python,python,_PyObject_GC_Link
1490914.0,2360821,python,python,_PyObject_Realloc
1490907.0,2360725,python,python,getstring
1490903.0,2360821,python,python,tuple_richcompare
1490878.0,2360661,python,python,getstring
1490856.0,2360661,python,python,PyObject_Malloc
1490838.0,2360757,python,python,match_dealloc
1490834.0,2360661,python,python,_sre_SRE_Pattern_search
1490807.0,2360642,python,python,_PyMem_RawFree
1490797.0,2360885,python,python,PyObject_Hash
1490790.0,2360757,python,python,tuple_alloc
1490780.0,2360661,python,python,_PyTuple_FromStackRefStealOnSuccess
1490765.0,2360757,python,python,free@plt
1490756.0,2360821,python,python,tuple_hash
1490741.0,2360642,python,python,unicode_dealloc
1490733.0,2360725,python,python,tuple_alloc
1490715.0,2360725,python,libc.so.6,__memcpy_generic
1490701.0,2360725,python,python,PyObject_Malloc
1490655.0,2360757,python,python,PySequence_Fast
1490655.0,2360821,python,python,_PyObject_RealIsInstance
1490642.0,2360661,python,python,_PyObject_RealIsInstance
1490636.0,2360642,python,python,PyCallable_Check
1490629.0,2360853,python,python,_PyUnicode_JoinArray.part.0
1490610.0,2360757,python,python,pattern_subx
1490598.0,2360885,python,python,PySequence_Fast
1490597.0,2360821,python,python,PyType_IsSubtype
1490582.0,2360642,python,python,tuple_dealloc
1490528.0,2360757,python,python,sre_category
1490522.0,2360661,python,python,_PyFrame_ClearExceptCode
1490469.0,2360885,python,python,_PyUnicode_IsAlpha
1490462.0,2360821,python,python,pattern_subx
1490461.0,2360725,python,python,PyObject_Hash
1490435.0,2360642,python,python,PyObject_GC_Track
1488674.0,2360661,python,python,PyLong_FromLong
1293197.0,2360821,python,[kernel.kallsyms],task_mm_cid_work
1264023.0,2360661,python,libc.so.6,_int_free_maybe_consolidate.part.0
1257795.0,2360757,python,libc.so.6,__memcpy_generic
1243527.0,2360757,python,python,PyMem_Realloc
1242594.0,2360821,python,python,_PyEvalFramePushAndInit
1242559.0,2360725,python,python,PyObject_Free
1242503.0,2360821,python,python,_PyObject_GC_NewVar
1242487.0,2360757,python,python,PyObject_IsInstance
1242474.0,2360661,python,python,malloc@plt
1242460.0,2360661,python,python,_PyType_LookupStackRefAndVersion
1242434.0,2360821,python,python,_PyUnicode_JoinArray.part.0
1242382.0,2360885,python,python,PyCallable_Check
1242375.0,2360757,python,python,_PyEvalFramePushAndInit
1242366.0,2360757,python,python,PyErr_Occurred
1242354.0,2360757,python,python,_sre_SRE_Pattern_sub
1242352.0,2360757,python,python,PyLong_AsSsize_t
1242346.0,2360661,python,python,_PyEval_FrameClearAndPop
1242325.0,2360661,python,python,_PyFrame_ClearExceptCode
1242313.0,2360661,python,python,tuple_hash
1242299.0,2360642,python,python,_PyThreadState_PushFrame
1242291.0,2360821,python,python,PyObject_Hash
1242289.0,2360821,python,python,PyDict_GetItemRef
1242288.0,2360885,python,python,call_special_method
1242270.0,2360642,python,python,PyObject_Hash
1242250.0,2360642,python,python,getstring
1242231.0,2360642,python,python,tuple_alloc
1242202.0,2360725,python,python,_PyJIT_Entry
1242201.0,2360885,python,python,tuple_dealloc
1242199.0,2360757,python,python,tuple_dealloc
1242195.0,2360885,python,python,PyMem_Free
1242180.0,2360757,python,python,_PyMem_RawFree
1242173.0,2360757,python,python,_PyJIT_Entry
1242173.0,2360661,python,python,sre_category
1242143.0,2360885,python,python,_PyTuple_FromStackRefStealOnSuccess
1242094.0,2360725,python,python,_PyArg_UnpackKeywords
1242084.0,2360661,python,python,PyUnicode_New.part.0
1242081.0,2360642,python,python,_PyObject_GC_NewVar
1242079.0,2360821,python,python,_Py_dict_lookup
1242046.0,2360757,python,python,_Py_dict_lookup
1242017.0,2360885,python,python,_PyEvalFramePushAndInit
1241973.0,2360853,python,libc.so.6,malloc
1241964.0,2360725,python,python,_PyNumber_Index
1241908.0,2360725,python,python,_PyType_LookupStackRefAndVersion
1241812.0,2360885,python,python,PyUnicode_New.part.0
1241769.0,2360821,python,python,_PyUnicode_ToLowercase
1241651.0,2360757,python,python,_PyUnicode_ToLowercase
1241445.0,2360725,python,python,_PyObject_Realloc
1240466.0,2360661,python,libc.so.6,__memcpy_generic
1239952.0,2360642,python,python,match_dealloc
1200908.0,2360725,python,python,_Py_VectorCall_StackRefSteal
1025204.0,2360642,python,[kernel.kallsyms],task_mm_cid_work
1014065.0,2360821,python,python,_PyLong_FromMedium
1011252.0,2360757,python,python,long_dealloc
1003900.0,2360821,python,python,long_dealloc
1001383.0,2360853,python,libc.so.6,_int_free_create_chunk
997765.0,2360757,python,libc.so.6,_int_free_merge_chunk
996721.0,2360725,python,python,_PyLong_FromMedium
994270.0,2360853,python,python,pattern_new_match
994166.0,2360725,python,python,_PyObject_RealIsInstance
994136.0,2360757,python,python,_PyMem_RawMalloc
994067.0,2360642,python,python,PyType_IsSubtype
994061.0,2360661,python,python,PyObject_Free
994016.0,2360757,python,libc.so.6,cfree@GLIBC_2.17
994003.0,2360885,python,python,memcpy@plt
994000.0,2360821,python,python,_PyObject_GC_Link
993994.0,2360757,python,python,_PyThreadState_PopFrame
993958.0,2360725,python,python,_sre_SRE_Pattern_search
993949.0,2360821,python,python,_PyJIT_Entry
993930.0,2360661,python,python,_PyObject_GC_NewVar
993903.0,2360885,python,python,_PyObject_GC_Link
993894.0,2360757,python,python,PyObject_GC_Track
993893.0,2360757,python,python,method_vectorcall_O
993890.0,2360661,python,python,PyType_GetModule
993889.0,2360725,python,python,PyType_IsSubtype
993889.0,2360725,python,python,_PyDict_Subscript
993887.0,2360885,python,python,tuple_hash
993884.0,2360853,python,python,PyMem_Free
993875.0,2360757,python,python,_PyObject_RealIsInstance
993873.0,2360885,python,python,_PyObject_GenericGetAttrWithDict
993841.0,2360885,python,python,PyMem_Malloc
993827.0,2360642,python,python,PyObject_GetOptionalAttr
993822.0,2360757,python,python,PyType_IsSubtype
993801.0,2360821,python,python,_PyObject_GenericGetAttrWithDict
993790.0,2360642,python,python,free@plt
993771.0,2360725,python,python,PyErr_Occurred
993762.0,2360725,python,python,PyUnicode_Substring
993761.0,2360853,python,libc.so.6,_int_free
993743.0,2360885,python,libc.so.6,__memcpy_generic
993722.0,2360757,python,python,PyObject_GC_UnTrack
993698.0,2360757,python,python,unicodekeys_lookup_unicode
993693.0,2360885,python,python,PyObject_Free
993689.0,2360661,python,python,_Py_Dealloc
993688.0,2360725,python,python,_PyTypeCache_Lookup
993686.0,2360885,python,python,_PyMem_RawMalloc
993672.0,2360853,python,python,_sre_SRE_Pattern_sub
993664.0,2360725,python,python,tuple_richcompare
993661.0,2360725,python,python,_Py_Dealloc
993648.0,2360725,python,python,_Py_dict_lookup
993646.0,2360853,python,python,_Py_VectorCall_StackRefSteal
993542.0,2360885,python,python,PyDict_GetItemRef
993416.0,2360885,python,libc.so.6,malloc
993397.0,2360757,python,python,_PyObject_Free
993378.0,2360661,python,python,PyUnicode_Substring
993377.0,2360661,python,python,tuple_richcompare
993348.0,2360821,python,python,PyObject_Vectorcall
993208.0,2360885,python,python,_PyThreadState_PopFrame
993203.0,2360661,python,python,memcpy@plt
993134.0,2360821,python,python,PyMem_Free
993132.0,2360885,python,python,_PyObject_RealIsInstance
992739.0,2360885,python,python,pattern_new_match
992533.0,2360661,python,python,_PyMem_RawMalloc
987216.0,2360661,python,python,PyObject_Vectorcall
984814.0,2360725,python,python,pattern_new_match
937003.0,2360661,python,libc.so.6,malloc
780545.0,2360757,python,python,_Py_NewReference
770239.0,2360821,python,python,_Py_Dealloc
756029.0,2360642,python,python,malloc@plt
755130.0,2360885,python,[JIT],0x0000eddf7b99330c
750037.0,2360853,python,python,method_vectorcall_FASTCALL_KEYWORDS_METHOD
747985.0,2360661,python,python,PyObject_GC_Del
745937.0,2360642,python,[JIT],0x0000eaf83884609c
745650.0,2360757,python,python,list_dealloc
745645.0,2360661,python,python,long_dealloc
745633.0,2360757,python,python,unicode_hash
745618.0,2360725,python,python,unicode_hash
745610.0,2360661,python,python,pattern_new_match
745599.0,2360725,python,libc.so.6,cfree@GLIBC_2.17
745591.0,2360661,python,[JIT],0x0000e6f8893c82e0
745574.0,2360821,python,libc.so.6,cfree@GLIBC_2.17
745563.0,2360757,python,python,PyObject_GenericHash
745559.0,2360757,python,[JIT],0x0000eee23f87308c
745553.0,2360661,python,python,PyUnicode_Join
745541.0,2360757,python,python,PyObject_IsTrue
745537.0,2360821,python,python,pattern_new_match
745537.0,2360661,python,python,PyType_IsSubtype
745521.0,2360853,python,python,_PyType_LookupStackRefAndVersion
745512.0,2360885,python,python,free@plt
745486.0,2360757,python,python,_PyObject_LookupSpecialMethod
745483.0,2360757,python,python,tuple_length
745477.0,2360661,python,python,_PyTuple_FromStackRefStealOnSuccess
745462.0,2360853,python,python,PyUnicode_New.part.0
745450.0,2360757,python,python,object_get_class
745420.0,2360725,python,python,PyUnicode_New.part.0
745418.0,2360642,python,python,_PyThreadState_PopFrame
745417.0,2360725,python,python,PyCallable_Check
745414.0,2360757,python,python,tuple_richcompare
745413.0,2360725,python,python,_PyUnicode_JoinArray.part.0
745406.0,2360642,python,python,PyObject_IsTrue
745401.0,2360885,python,python,_PyThreadState_PushFrame
745400.0,2360642,python,python,_PyOptimizer_Optimize
745398.0,2360853,python,libc.so.6,_int_free_merge_chunk
745396.0,2360821,python,python,_PyDict_Subscript
745387.0,2360885,python,python,_PyJIT_Entry
745385.0,2360725,python,python,gc_collect_main
745374.0,2360661,python,python,_PyStaticType_GetState
745371.0,2360757,python,[kernel.kallsyms],perf_iterate_ctx
745360.0,2360661,python,python,_PyUnicode_IsDigit
745360.0,2360661,python,python,_PyNumber_Index
745354.0,2360757,python,python,long_hash
745350.0,2360821,python,python,_PyType_LookupStackRefAndVersion
745348.0,2360821,python,python,PyDescr_IsData
745346.0,2360725,python,python,_PyObject_GC_Link
745345.0,2360642,python,python,PyLong_AsSsize_t
745334.0,2360642,python,python,PyDict_GetItemRef
745330.0,2360853,python,python,_PyUnicode_IsDecimalDigit
745328.0,2360853,python,python,_PyUnicode_IsAlpha
745324.0,2360885,python,python,PyType_IsSubtype
745322.0,2360757,python,python,_Py_Dealloc
745322.0,2360821,python,python,_PyTypeCache_Lookup
745315.0,2360757,python,python,PyMem_Malloc
745315.0,2360661,python,python,_PyThreadState_PopFrame
745315.0,2360661,python,libc.so.6,_int_realloc
745312.0,2360821,python,python,PyCallable_Check
745310.0,2360661,python,python,memcpy@plt
745306.0,2360757,python,python,_PyObject_GetAttrStackRef
745300.0,2360642,python,python,PyObject_GC_Del
745293.0,2360661,python,python,_PyEvalFramePushAndInit
745290.0,2360661,python,python,_PyEval_Vector
745289.0,2360725,python,python,long_dealloc
745277.0,2360725,python,python,PyList_New
745276.0,2360642,python,python,memcpy@plt
745274.0,2360642,python,python,_PyJIT_Entry
745271.0,2360757,python,python,_PyUnicode_JoinArray.part.0
745267.0,2360821,python,libc.so.6,_int_free
745262.0,2360725,python,libc.so.6,_int_free_create_chunk
745260.0,2360661,python,python,_PyUnicode_IsNumeric
745256.0,2360885,python,python,_PyObject_LookupSpecialMethod
745248.0,2360757,python,libc.so.6,_int_realloc
745247.0,2360757,python,python,PyDict_GetItemRef
745241.0,2360661,python,python,_Py_dict_lookup
745240.0,2360757,python,python,allocate_from_new_pool
745233.0,2360642,python,python,_PyNumber_Index
745233.0,2360821,python,python,unicode_hash
745222.0,2360757,python,python,_sre_SRE_Pattern_split
745217.0,2360757,python,python,method_vectorcall_FASTCALL_KEYWORDS_METHOD
745211.0,2360885,python,python,_PyType_LookupStackRefAndVersion
745206.0,2360885,python,libc.so.6,_int_free_merge_chunk
745192.0,2360821,python,python,tuple_alloc
745192.0,2360661,python,python,list_dealloc
745188.0,2360853,python,python,_PyTypeCache_Lookup
745185.0,2360821,python,python,PyUnicode_Substring
745184.0,2360885,python,python,long_hash
745178.0,2360821,python,python,PyObject_GetOptionalAttr
745174.0,2360885,python,python,tuple_richcompare
745170.0,2360725,python,python,_PyThreadState_PushFrame
745161.0,2360853,python,python,_PyEval_FrameClearAndPop
745153.0,2360725,python,python,PyObject_RichCompareBool
745138.0,2360661,python,python,PyMem_Realloc
745132.0,2360757,python,python,memcpy@plt
745116.0,2360821,python,python,_Py_NewReference
745114.0,2360661,python,python,PyObject_ClearManagedDict
745110.0,2360853,python,python,unicode_dealloc
745097.0,2360661,python,python,_PyTypeCache_Lookup
745071.0,2360757,python,python,PyObject_GC_Del
745064.0,2360757,python,python,unicode_dealloc
745064.0,2360821,python,python,_PyFrame_ClearExceptCode
745055.0,2360661,python,python,PyObject_RichCompareBool
745018.0,2360725,python,python,_PyType_GetDict
745010.0,2360853,python,python,_PyFrame_ClearExceptCode
744980.0,2360725,python,python,gen_dealloc
744957.0,2360885,python,python,_PyEval_FrameClearAndPop
744951.0,2360885,python,python,_PyUnicode_JoinArray.part.0
744950.0,2360661,python,python,PyErr_Occurred
744889.0,2360725,python,python,malloc@plt
744777.0,2360885,python,python,_PyUnicode_IsDecimalDigit
744606.0,2360757,python,python,tuple_alloc
744526.0,2360757,python,python,malloc@plt
743783.0,2360642,python,python,long_dealloc
738148.0,2360661,python,[JIT],0x0000e6f8893c82d8
738071.0,2360885,python,python,match_dealloc
737313.0,2360885,python,python,PyErr_Occurred
735723.0,2360885,python,python,PyObject_Vectorcall
734576.0,2360725,python,python,PyMem_Malloc
733258.0,2360642,python,[JIT],0x0000eaf838846270
729206.0,2360757,python,libc.so.6,_int_free
723843.0,2360885,python,python,method_vectorcall_FASTCALL_KEYWORDS_METHOD
717941.0,2360661,python,[JIT],0x0000e6f8893c8218
712351.0,2360885,python,python,PyType_GetModule
705561.0,2360885,python,libc.so.6,_int_free
700750.0,2360661,python,python,_PyObject_Realloc
597547.0,2360821,python,python,PyErr_Occurred
545787.0,2360821,python,libc.so.6,_int_free_merge_chunk
543760.0,2360757,python,python,long_dealloc
514403.0,2360725,python,[kernel.kallsyms],task_mm_cid_work
514211.0,2360821,python,[JIT],0x0000f60e424bb290
509542.0,2360642,python,[JIT],0x0000eaf838846140
509130.0,2360661,python,[JIT],0x0000e6f8893c8210
508981.0,2360642,python,[JIT],0x0000eaf838846218
507612.0,2360885,python,[JIT],0x0000eddf7b99305c
501789.0,2360642,python,[JIT],0x0000eaf8388462c8
501358.0,2360853,python,python,_PyObject_Realloc
501219.0,2360821,python,[JIT],0x0000f60e424bb380
501032.0,2360821,python,[JIT],0x0000f60e424bb20c
499952.0,2360885,python,[JIT],0x0000eddf7b9932d8
499052.0,2360853,python,libc.so.6,cfree@GLIBC_2.17
497964.0,2360757,python,python,_PyArg_UnpackKeywords
497437.0,2360853,python,python,PyMem_Malloc
497214.0,2360725,python,python,PyErr_CheckSignals
497179.0,2360725,python,[JIT],0x0000f59531f7f4c4
497118.0,2360661,python,python,PyCallable_Check
497116.0,2360642,python,[JIT],0x0000eaf83884607c
497104.0,2360853,python,python,_PyObject_GC_NewVar
497103.0,2360821,python,python,_PyObject_LookupSpecialMethod
497083.0,2360757,python,python,_PyObject_GC_Link
497081.0,2360757,python,[JIT],0x0000eee23f87a138
497080.0,2360725,python,[kernel.kallsyms],perf_iterate_ctx
497072.0,2360725,python,python,_PyObject_LookupSpecialMethod
497059.0,2360757,python,python,PyObject_Free
497038.0,2360725,python,python,PyObject_GetOptionalAttr
497018.0,2360642,python,python,unicode_hash
497018.0,2360661,python,python,PyObject_IsTrue
497017.0,2360725,python,python,PyObject_Malloc
497015.0,2360757,python,[JIT],0x0000eee23f7cd158
497010.0,2360725,python,python,_Py_NewReference
497009.0,2360642,python,python,_PyType_LookupStackRefAndVersion
497007.0,2360642,python,[JIT],0x0000eaf838846088
497005.0,2360661,python,python,unicodekeys_lookup_unicode
497003.0,2360885,python,python,PyObject_IsInstance
497002.0,2360885,python,python,tuple_dealloc
497000.0,2360642,python,[JIT],0x0000eaf8388171e8
496994.0,2360661,python,python,free@plt
496989.0,2360821,python,python,PyObject_GetOptionalAttr
496988.0,2360725,python,python,PyObject_IsTrue
496988.0,2360661,python,python,_PyUnicode_IsAlpha
496986.0,2360661,python,python,PyObject_GetOptionalAttr
496979.0,2360661,python,python,initialize_locals
496977.0,2360885,python,python,_PyList_AppendTakeRefListResize
496975.0,2360757,python,python,PyObject_IsInstance
496975.0,2360661,python,python,PyObject_GC_UnTrack
496971.0,2360885,python,python,PyMem_Realloc
496968.0,2360642,python,[JIT],0x0000eaf838814650
496967.0,2360885,python,python,_PyNumber_Index
496966.0,2360885,python,python,malloc@plt
496964.0,2360821,python,python,_PyThreadState_PopFrame
496958.0,2360821,python,python,malloc@plt
496951.0,2360821,python,python,_PyNumber_Index
496951.0,2360725,python,python,PyObject_Hash
496950.0,2360885,python,python,PySequence_Fast
496949.0,2360661,python,python,getset_get
496945.0,2360821,python,python,_PyMem_RawMalloc
496941.0,2360757,python,[JIT],0x0000eee23f878078
496940.0,2360661,python,python,PyObject_GenericHash
496938.0,2360642,python,python,_PyObject_GC_Link
496934.0,2360853,python,python,_PyStaticType_GetState
496928.0,2360642,python,python,_PyObject_LookupSpecialMethod
496927.0,2360661,python,python,long_hash
496926.0,2360821,python,python,getset_get
496924.0,2360757,python,python,PyObject_Vectorcall
496923.0,2360757,python,python,_PyType_LookupStackRefAndVersion
496922.0,2360725,python,python,_PyUnicode_IsNumeric
496921.0,2360661,python,python,PyList_New
496918.0,2360725,python,python,_PyTuple_FromStackRefStealOnSuccess
496902.0,2360821,python,python,method_vectorcall_FASTCALL_KEYWORDS_METHOD
496900.0,2360661,python,python,PyLong_AsSsize_t
496898.0,2360757,python,[JIT],0x0000eee23f8a306c
496896.0,2360885,python,python,_PyMem_RawMalloc
496895.0,2360885,python,python,_Py_Dealloc
496892.0,2360853,python,python,tuple_dealloc
496890.0,2360885,python,python,memcpy@plt
496888.0,2360821,python,libc.so.6,_int_free_create_chunk
496886.0,2360821,python,python,object_get_class
496876.0,2360757,python,libc.so.6,realloc
496873.0,2360725,python,python,_PyEval_FrameClearAndPop
496873.0,2360885,python,[JIT],0x0000eddf7b96a240
496872.0,2360821,python,python,tuple_richcompare
496870.0,2360821,python,python,_PyObject_Realloc
496868.0,2360661,python,python,PyObject_Hash
496866.0,2360885,python,python,_sre_SRE_Pattern_split
496864.0,2360821,python,python,PyObject_RichCompareBool
496864.0,2360885,python,python,PyObject_Malloc
496863.0,2360885,python,libc.so.6,_int_realloc
496858.0,2360885,python,libc.so.6,realloc
496853.0,2360853,python,python,PyType_IsSubtype
496850.0,2360725,python,python,method_vectorcall_O
496848.0,2360821,python,python,_sre_SRE_Pattern_split
496848.0,2360853,python,python,_PyArg_UnpackKeywords
496847.0,2360821,python,python,initialize_locals
496845.0,2360725,python,python,_PyFrame_ClearExceptCode
496844.0,2360885,python,python,make_range_object
496843.0,2360885,python,python,_PyObject_GetAttrStackRef
496842.0,2360725,python,python,slot_tp_descr_get
496842.0,2360725,python,libc.so.6,_int_free_merge_chunk
496840.0,2360757,python,python,_PyList_AppendTakeRefListResize
496840.0,2360885,python,[JIT],0x0000eddf7b9932fc
496838.0,2360661,python,python,unicode_hash
496837.0,2360853,python,python,PyObject_Malloc
496832.0,2360821,python,python,_PyUnicode_IsDecimalDigit
496829.0,2360885,python,[JIT],0x0000eddf7b963260
496824.0,2360661,python,python,pattern_subx
496822.0,2360821,python,python,_PyObject_GetAttrStackRef
496822.0,2360725,python,python,PyMem_Realloc
496820.0,2360757,python,python,pattern_new_match
496818.0,2360853,python,python,memcpy@plt
496815.0,2360821,python,python,_PyCompactLong_Add
496813.0,2360725,python,python,_PyUnicode_IsDigit
496812.0,2360821,python,libc.so.6,__memcpy_generic
496806.0,2360661,python,python,_PyType_GetDict
496800.0,2360725,python,[JIT],0x0000f59531f7f07c
496798.0,2360725,python,libc.so.6,realloc
496792.0,2360821,python,python,_PyList_AppendTakeRefListResize
496791.0,2360853,python,python,getset_get
496783.0,2360821,python,python,visit_decref
496777.0,2360757,python,python,_PyUnicode_IsDecimalDigit
496774.0,2360821,python,python,_PyUnicode_IsDigit
496771.0,2360725,python,python,unicode_dealloc
496771.0,2360821,python,python,list_dealloc
496770.0,2360885,python,python,_Py_NewReference
496767.0,2360853,python,python,visit_decref
496760.0,2360642,python,[kernel.kallsyms],_raw_spin_unlock_irqrestore
496759.0,2360725,python,python,memcpy@plt
496758.0,2360757,python,python,_PyTypeCache_Lookup
496755.0,2360757,python,python,gc_collect_main
496754.0,2360642,python,python,long_richcompare
496753.0,2360885,python,python,PyObject_GC_UnTrack
496749.0,2360821,python,python,PyObject_IsInstance
496746.0,2360725,python,python,_PyUnicode_IsDecimalDigit
496743.0,2360853,python,python,make_range_object
496741.0,2360661,python,python,_PyUnicode_JoinArray.part.0
496735.0,2360725,python,python,PyObject_GC_UnTrack
496725.0,2360661,python,python,_PyThreadState_PopFrame
496721.0,2360821,python,python,memcpy@plt
496721.0,2360853,python,python,PyObject_Free
496719.0,2360757,python,python,_PyLong_FromMedium
496717.0,2360821,python,python,PyMem_Realloc
496716.0,2360853,python,python,_PyUnicode_ToLowercase
496711.0,2360661,python,python,_Py_Specialize_BinaryOp
496696.0,2360757,python,python,PyUnicode_New.part.0
496686.0,2360757,python,python,_PyObject_Realloc
496686.0,2360661,python,python,list_subscript
496682.0,2360885,python,python,_Py_dict_lookup
496657.0,2360725,python,python,_PyUnicode_ToLowercase
496656.0,2360661,python,python,_PyArg_UnpackKeywords
496654.0,2360725,python,python,PyLong_AsSsize_t
496646.0,2360885,python,python,_PyObject_GC_Link
496634.0,2360757,python,python,_Py_Specialize_LoadGlobal
496630.0,2360757,python,python,PyObject_RichCompareBool
496628.0,2360821,python,python,free@plt
496628.0,2360725,python,python,list_dealloc
496627.0,2360757,python,python,PyUnicode_Join
496625.0,2360885,python,python,PyObject_IsTrue
496615.0,2360885,python,python,long_hash
496605.0,2360661,python,python,_PyEval_Vector
496583.0,2360853,python,python,long_richcompare
496581.0,2360642,python,python,_PyObject_RealIsInstance
496571.0,2360661,python,python,_PyObject_GenericGetAttrWithDict
496553.0,2360661,python,python,set_lookkey
496548.0,2360853,python,python,_PyThreadState_PushFrame
496547.0,2360757,python,python,_PyUnicode_IsNumeric
496530.0,2360885,python,python,PyUnicode_Join
496514.0,2360885,python,python,tuple_alloc
496500.0,2360885,python,python,_PyFrame_ClearExceptCode
496440.0,2360757,python,python,PyUnicode_Contains
496255.0,2360885,python,python,_PyObject_GetAttrStackRef
496211.0,2360725,python,[JIT],0x0000f5953204c2e0
494212.0,2360725,python,python,_sre_SRE_Pattern_split
493899.0,2360885,python,[JIT],0x0000eddf7b9930bc
493125.0,2360725,python,[JIT],0x0000f5953204c260
486127.0,2360885,python,[JIT],0x0000eddf7b993144
481405.0,2360885,python,python,PyLong_FromLong
481398.0,2360885,python,[JIT],0x0000eddf7b9931b4
476542.0,2360661,python,python,_Py_NewReference
475333.0,2360642,python,[JIT],0x0000eaf838846120
473878.0,2360853,python,python,PyErr_Occurred
472909.0,2360821,python,python,PyLong_FromLong
450727.0,2360642,python,libc.so.6,_int_free_maybe_consolidate.part.0
409362.0,2360725,python,python,long_dealloc
402216.0,2360725,python,python,PyObject_Vectorcall
325829.0,2360725,python,[kernel.kallsyms],task_mm_cid_work
303701.0,2360821,python,[kernel.kallsyms],task_mm_cid_work
303307.0,2360757,python,[kernel.kallsyms],perf_iterate_ctx
288453.0,2360757,python,[JIT],0x0000eee23f8a3144
278392.0,2360885,python,[JIT],0x0000eddf7b9930dc
271070.0,2360725,python,[JIT],0x0000f5953204c184
268300.0,2360725,python,[JIT],0x0000f5953204c188
267370.0,2360885,python,[JIT],0x0000eddf7b9930ec
267172.0,2360853,python,[kernel.kallsyms],task_mm_cid_work
264714.0,2360885,python,[JIT],0x0000eddf7b993270
264090.0,2360642,python,[kernel.kallsyms],do_notify_resume
263385.0,2360757,python,[JIT],0x0000eee23f8a31dc
260232.0,2360725,python,[JIT],0x0000f5953204c2d8
259445.0,2360661,python,[JIT],0x0000e6f8893c8338
259024.0,2360642,python,[JIT],0x0000eaf8388461e0
257059.0,2360885,python,[JIT],0x0000eddf7b993344
256693.0,2360757,python,[JIT],0x0000eee23f8a315c
255671.0,2360757,python,[JIT],0x0000eee23f8a3308
255401.0,2360821,python,[JIT],0x0000f60e424bb0a0
252851.0,2360642,python,[kernel.kallsyms],mas_start
252696.0,2360757,python,[JIT],0x0000eee23f87a308
252499.0,2360642,python,[JIT],0x0000eaf83884616c
252362.0,2360821,python,[JIT],0x0000f60e424bb378
252234.0,2360757,python,[JIT],0x0000eee23f87a0cc
252169.0,2360821,python,[JIT],0x0000f60e424bb280
252090.0,2360725,python,[JIT],0x0000f5953204c198
252047.0,2360821,python,[JIT],0x0000f60e42492678
251800.0,2360853,python,python,emit__HANDLE_PENDING_AND_DEOPT_r10
251399.0,2360853,python,[kernel.kallsyms],handle_softirqs
251366.0,2360757,python,[JIT],0x0000eee23f8a3370
251356.0,2360725,python,[JIT],0x0000f5953204c308
251316.0,2360821,python,[JIT],0x0000f60e424921f8
251134.0,2360757,python,[JIT],0x0000eee23f87a104
250941.0,2360642,python,[kernel.kallsyms],handle_softirqs
250863.0,2360642,python,[JIT],0x0000eaf83884535c
250798.0,2360757,python,[JIT],0x0000eee23f87a0a4
250062.0,2360821,python,[JIT],0x0000f60e42492114
249881.0,2360853,python,[JIT],0x0000fb4128de519c
249867.0,2360725,python,[JIT],0x0000f59532023150
249611.0,2360725,python,[JIT],0x0000f5953204c1cc
249360.0,2360885,python,[JIT],0x0000eddf7b96a328
249337.0,2360642,python,[JIT],0x0000eaf838845280
249124.0,2360661,python,[JIT],0x0000e6f88939f39c
249075.0,2360821,python,[JIT],0x0000f60e42492638
248908.0,2360725,python,[JIT],0x0000f5953202309c
248896.0,2360642,python,[JIT],0x0000eaf838845074
248872.0,2360642,python,[JIT],0x0000eaf838845260
248826.0,2360642,python,[JIT],0x0000eaf838845134
248710.0,2360853,python,python,visit_reachable
248700.0,2360725,python,[JIT],0x0000f59531f764b8
248693.0,2360661,python,[JIT],0x0000e6f88939f210
248665.0,2360725,python,[kernel.kallsyms],get_page_from_freelist
248661.0,2360725,python,[JIT],0x0000f59531f7e0e8
248661.0,2360661,python,[JIT],0x0000e6f88939b380
248656.0,2360661,python,[JIT],0x0000e6f889394108
248654.0,2360885,python,[JIT],0x0000eddf7b963c74
248652.0,2360821,python,[JIT],0x0000f60e423ea3f8
248648.0,2360725,python,[JIT],0x0000f59531f7e1c8
248641.0,2360725,python,[JIT],0x0000f5953204c068
248641.0,2360821,python,python,_PyTuple_FromStackRefStealOnSuccess
248638.0,2360757,python,[JIT],0x0000eee23f8a3280
248637.0,2360725,python,[JIT],0x0000f59531f782a0
248636.0,2360725,python,[JIT],0x0000f59531f76150
248635.0,2360725,python,python,long_hash
248632.0,2360757,python,[JIT],0x0000eee23f8a30c8
248630.0,2360821,python,libc.so.6,_int_realloc
248630.0,2360661,python,[JIT],0x0000e6f889398320
248628.0,2360821,python,[JIT],0x0000f60e424bb260
248626.0,2360642,python,[JIT],0x0000eaf838819020
248620.0,2360757,python,[JIT],0x0000eee23f8a309c
248617.0,2360757,python,[JIT],0x0000eee23f877334
248617.0,2360757,python,[JIT],0x0000eee23f87833c
248616.0,2360725,python,python,_PyMem_RawFree
248616.0,2360885,python,[JIT],0x0000eddf7b9933b0
248613.0,2360853,python,python,_Py_NewReference
248612.0,2360821,python,[JIT],0x0000f60e423ee310
248609.0,2360642,python,[JIT],0x0000eaf8388125f0
248606.0,2360757,python,python,PyDescr_IsData
248606.0,2360725,python,[JIT],0x0000f59531f7e150
248603.0,2360725,python,python,getset_get
248602.0,2360821,python,[JIT],0x0000f60e423e75bc
248602.0,2360885,python,[JIT],0x0000eddf7b8bc158
248602.0,2360661,python,[JIT],0x0000e6f889398a64
248602.0,2360661,python,[JIT],0x0000e6f88939b170
248601.0,2360757,python,[JIT],0x0000eee23f87a114
248601.0,2360885,python,python,_validate_charset
248601.0,2360725,python,[JIT],0x0000f5953204c140
248601.0,2360725,python,[JIT],0x0000f5953204c328
248599.0,2360757,python,[JIT],0x0000eee23f8a3648
248599.0,2360725,python,python,_PyErr_CheckSignalsTstate
248599.0,2360725,python,python,memchr@plt
248598.0,2360725,python,python,_PyRunRemoteDebugger
248595.0,2360661,python,[JIT],0x0000e6f88939c2b8
248594.0,2360757,python,[JIT],0x0000eee23f8a3234
248591.0,2360725,python,[JIT],0x0000f595320231cc
248591.0,2360661,python,[JIT],0x0000e6f88939f260
248590.0,2360642,python,[JIT],0x0000eaf8388452b4
248587.0,2360757,python,python,long_add_method
248586.0,2360821,python,[JIT],0x0000f60e423ea124
248585.0,2360642,python,[JIT],0x0000eaf8388463b0
248583.0,2360853,python,python,PySequence_Fast
248582.0,2360757,python,[JIT],0x0000eee23f87a1c8
248582.0,2360725,python,[JIT],0x0000f59531f7b560
248580.0,2360757,python,[JIT],0x0000eee23f8785c8
248580.0,2360821,python,[JIT],0x0000f60e423e70b8
248577.0,2360821,python,[JIT],0x0000f60e423ed064
248576.0,2360757,python,[JIT],0x0000eee23f877088
248576.0,2360725,python,[JIT],0x0000f5953204c09c
248575.0,2360642,python,[JIT],0x0000eaf83881c044
248575.0,2360661,python,[JIT],0x0000e6f88939f280
248574.0,2360757,python,[JIT],0x0000eee23f873f50
248574.0,2360757,python,[JIT],0x0000eee23f8a3218
248574.0,2360885,python,[JIT],0x0000eddf7b9642f0
248573.0,2360642,python,[JIT],0x0000eaf8388461d0
248572.0,2360725,python,[JIT],0x0000f595320231e4
248572.0,2360661,python,[JIT],0x0000e6f88939b074
248571.0,2360642,python,python,long_hash
248570.0,2360725,python,[kernel.kallsyms],_raw_spin_unlock_irqrestore
248570.0,2360661,python,[JIT],0x0000e6f889393aa4
248568.0,2360642,python,[JIT],0x0000eaf838814170
248568.0,2360821,python,[JIT],0x0000f60e423e72b8
248564.0,2360725,python,[JIT],0x0000f59531f782f8
248564.0,2360821,python,[JIT],0x0000f60e423ea318
248564.0,2360885,python,python,PyObject_GC_Track
248563.0,2360821,python,[JIT],0x0000f60e424bb118
248561.0,2360661,python,python,emit__CHECK_VALIDITY_r00
248560.0,2360642,python,[JIT],0x0000eaf838845360
248560.0,2360725,python,[JIT],0x0000f59531f78144
248559.0,2360642,python,[JIT],0x0000eaf838814044
248557.0,2360885,python,[JIT],0x0000eddf7b9661d0
248557.0,2360661,python,[JIT],0x0000e6f88939c1f8
248556.0,2360642,python,[kernel.kallsyms],change_protection
248554.0,2360885,python,libc.so.6,__memchr_generic
248552.0,2360885,python,python,PyList_New.constprop.0
248552.0,2360821,python,[JIT],0x0000f60e42491368
248552.0,2360725,python,[JIT],0x0000f5953204c100
248552.0,2360661,python,[JIT],0x0000e6f8893c81dc
248552.0,2360853,python,python,_PyMem_RawFree
248550.0,2360885,python,[JIT],0x0000eddf7b96a398
248549.0,2360642,python,[JIT],0x0000eaf8388130f8
248548.0,2360821,python,[JIT],0x0000f60e42491234
248548.0,2360661,python,[JIT],0x0000e6f889391360
248547.0,2360642,python,[JIT],0x0000eaf838812228
248547.0,2360725,python,[JIT],0x0000f5953204c318
248547.0,2360885,python,[JIT],0x0000eddf7b963134
248546.0,2360821,python,[JIT],0x0000f60e42492328
248545.0,2360757,python,[JIT],0x0000eee23f873984
248545.0,2360885,python,python,PyObject_GC_Track
248545.0,2360661,python,python,_PyType_LookupStackRefAndVersion
248544.0,2360757,python,python,getset_get
248544.0,2360725,python,[JIT],0x0000f59531f752c8
248544.0,2360725,python,[JIT],0x0000f5953204c2fc
248543.0,2360757,python,[JIT],0x0000eee23f8a3338
248543.0,2360885,python,[JIT],0x0000eddf7b8be964
248543.0,2360661,python,[JIT],0x0000e6f88939f318
248542.0,2360642,python,python,patch_aarch64_33rx
248542.0,2360757,python,python,_Py_uop_sym_set_const
248542.0,2360821,python,[JIT],0x0000f60e424bb074
248541.0,2360757,python,[JIT],0x0000eee23f7ce1b0
248541.0,2360821,python,[JIT],0x0000f60e423ee220
248541.0,2360885,python,[JIT],0x0000eddf7b967260
248540.0,2360725,python,libc.so.6,__vsnprintf_internal
248540.0,2360821,python,[JIT],0x0000f60e423ee3b8
248540.0,2360725,python,python,min_max
248540.0,2360885,python,[JIT],0x0000eddf7b8bc8ec
248540.0,2360661,python,python,PyThread_get_thread_ident
248540.0,2360661,python,[JIT],0x0000e6f889399394
248540.0,2360661,python,[JIT],0x0000e6f88939d318
248539.0,2360757,python,[JIT],0x0000eee23f873470
248537.0,2360725,python,python,call_special_method
248536.0,2360885,python,[JIT],0x0000eddf7b96a260
248536.0,2360661,python,libc.so.6,__memchr_generic
248534.0,2360757,python,[JIT],0x0000eee23f873298
248534.0,2360725,python,[JIT],0x0000f59531f763e0
248533.0,2360885,python,[JIT],0x0000eddf7b96a1e0
248533.0,2360661,python,[kernel.kallsyms],xas_load
248532.0,2360725,python,[JIT],0x0000f59531f7b774
248532.0,2360821,python,[JIT],0x0000f60e423e5804
248529.0,2360757,python,[JIT],0x0000eee23f8a32e0
248529.0,2360661,python,[kernel.kallsyms],__perf_addr_filters_adjust
248529.0,2360853,python,python,_Py_BuildMap_StackRefSteal
248528.0,2360725,python,[JIT],0x0000f59531f7b85c
248528.0,2360821,python,[JIT],0x0000f60e424bb1e4
248528.0,2360661,python,python,_PyObject_LookupSpecialMethod
248527.0,2360642,python,python,_sre_SRE_Pattern_split
248527.0,2360642,python,[JIT],0x0000eaf838817be4
248527.0,2360757,python,[JIT],0x0000eee23f872360
248527.0,2360725,python,python,allocate_from_new_pool
248526.0,2360642,python,[kernel.kallsyms],handle_mm_fault
248525.0,2360642,python,[JIT],0x0000eaf83881b4dc
248525.0,2360642,python,[JIT],0x0000eaf838846198
248525.0,2360885,python,python,_PyObject_GC_NewVar
248524.0,2360821,python,[JIT],0x0000f60e423ea514
248523.0,2360821,python,python,method_vectorcall_O
248522.0,2360642,python,python,memchr@plt
248522.0,2360757,python,[JIT],0x0000eee23f7ce13c
248522.0,2360725,python,[JIT],0x0000f59532021404
248522.0,2360661,python,python,PyLong_AsLong
248521.0,2360642,python,python,unicodekeys_lookup_unicode
248521.0,2360757,python,python,_PyType_GetDict
248521.0,2360885,python,[JIT],0x0000eddf7b8be524
248521.0,2360661,python,[JIT],0x0000e6f8893c805c
248520.0,2360661,python,[kernel.kallsyms],blkcg_maybe_throttle_current
248519.0,2360757,python,python,_PyMem_RawMalloc
248518.0,2360642,python,[JIT],0x0000eaf838814194
248518.0,2360725,python,python,PyMem_Free
248517.0,2360821,python,[JIT],0x0000f60e423ee174
248514.0,2360642,python,[JIT],0x0000eaf8388175cc
248514.0,2360725,python,python,PyUnicode_Join
248513.0,2360821,python,[JIT],0x0000f60e423e7170
248512.0,2360642,python,[JIT],0x0000eaf83884664c
248512.0,2360821,python,python,call_special_method
248512.0,2360661,python,[JIT],0x0000e6f88939f104
248511.0,2360885,python,python,PyObject_GenericGetAttr
248511.0,2360725,python,[JIT],0x0000f5953204c114
248511.0,2360821,python,libc.so.6,__memchr_generic
248511.0,2360725,python,python,_PyObject_GC_Link
248510.0,2360821,python,[JIT],0x0000f60e423ee20c
248509.0,2360725,python,[JIT],0x0000f59531f7b5fc
248509.0,2360821,python,[JIT],0x0000f60e423e735c
248509.0,2360821,python,[JIT],0x0000f60e423ea38c
248509.0,2360661,python,python,visit_decref
248508.0,2360757,python,[JIT],0x0000eee23f87339c
248507.0,2360821,python,[JIT],0x0000f60e423e741c
248507.0,2360821,python,[JIT],0x0000f60e423ea464
248506.0,2360757,python,[JIT],0x0000eee23f8a367c
248506.0,2360885,python,[JIT],0x0000eddf7b9636a4
248505.0,2360885,python,python,_PyArg_UnpackKeywords
248505.0,2360725,python,python,PyObject_GenericHash
248503.0,2360757,python,[JIT],0x0000eee23f8a316c
248503.0,2360757,python,python,tuple_hash
248503.0,2360821,python,[JIT],0x0000f60e423e7194
248502.0,2360757,python,[JIT],0x0000eee23f878034
248502.0,2360725,python,[JIT],0x0000f59531f7b1e8
248502.0,2360725,python,python,slot_sq_length
248502.0,2360725,python,[JIT],0x0000f5953204c234
248502.0,2360661,python,python,_PyEvalFramePushAndInit
248502.0,2360661,python,[JIT],0x0000e6f889395184
248501.0,2360642,python,[JIT],0x0000eaf838812100
248501.0,2360757,python,[JIT],0x0000eee23f7ce90c
248501.0,2360725,python,[JIT],0x0000f595320231b0
248501.0,2360821,python,python,_PyFunction_Vectorcall
248501.0,2360821,python,python,PyType_GetModule
248501.0,2360661,python,python,_PyList_AppendTakeRefListResize
248501.0,2360661,python,[JIT],0x0000e6f8893c831c
248499.0,2360821,python,python,_PyType_GetDict
248499.0,2360725,python,python,PyType_IsSubtype
248499.0,2360821,python,python,_PyObject_GC_NewVar
248498.0,2360757,python,[JIT],0x0000eee23f8730e8
248497.0,2360642,python,[JIT],0x0000eaf838812848
248497.0,2360757,python,[JIT],0x0000eee23f87a03c
248497.0,2360885,python,[JIT],0x0000eddf7b8bc928
248497.0,2360885,python,[JIT],0x0000eddf7b966160
248497.0,2360885,python,[JIT],0x0000eddf7b99335c
248496.0,2360642,python,python,PyObject_IS_GC
248496.0,2360821,python,[JIT],0x0000f60e423ea688
248495.0,2360885,python,[JIT],0x0000eddf7b96368c
248494.0,2360757,python,[JIT],0x0000eee23f876308
248494.0,2360885,python,python,_PyErr_CheckSignalsTstate
248494.0,2360821,python,[kernel.kallsyms],handle_softirqs
248494.0,2360821,python,[JIT],0x0000f60e423ee580
248494.0,2360885,python,[kernel.kallsyms],ext4_inode_table
248494.0,2360853,python,python,_Py_dict_lookup
248493.0,2360821,python,python,PyType_IsSubtype
248492.0,2360661,python,python,_PyThreadState_PushFrame
248492.0,2360661,python,python,_PyErr_CheckSignalsTstate
248492.0,2360661,python,[JIT],0x0000e6f88939a09c
248491.0,2360757,python,[kernel.kallsyms],mas_next_range
248491.0,2360661,python,python,object_get_class
248490.0,2360821,python,[kernel.kallsyms],rcu_do_batch
248490.0,2360821,python,[JIT],0x0000f60e424bb2ec
248490.0,2360821,python,python,_PyArg_UnpackKeywords
248490.0,2360885,python,[kernel.kallsyms],__perf_addr_filters_adjust
248490.0,2360885,python,python,emit__CALL_TYPE_1_r32
248489.0,2360642,python,[JIT],0x0000eaf8388122b0
248489.0,2360757,python,libc.so.6,malloc
248489.0,2360725,python,[JIT],0x0000f59531f7f37c
248489.0,2360821,python,[JIT],0x0000f60e423ee294
248489.0,2360853,python,python,PyLong_AsSsize_t
248488.0,2360642,python,[JIT],0x0000eaf838845328
248488.0,2360821,python,[JIT],0x0000f60e423eae58
248488.0,2360661,python,python,PyObject_GC_Del
248488.0,2360885,python,[JIT],0x0000eddf7b993380
248488.0,2360661,python,python,_PyIncrementalNewlineDecoder_decode
248487.0,2360642,python,python,PyDescr_IsData
248487.0,2360642,python,[JIT],0x0000eaf83881b4c4
248487.0,2360821,python,[JIT],0x0000f60e424bb1bc
248487.0,2360661,python,[JIT],0x0000e6f88939d3c8
248486.0,2360642,python,[JIT],0x0000eaf83881c238
248486.0,2360885,python,[JIT],0x0000eddf7b9932a0
248485.0,2360642,python,python,make_range_object
248485.0,2360821,python,python,PyObject_IsTrue
248485.0,2360821,python,[JIT],0x0000f60e424bb19c
248485.0,2360821,python,python,_Py_VectorCallInstrumentation_StackRefSteal
248485.0,2360885,python,[JIT],0x0000eddf7b9680f8
248485.0,2360661,python,[JIT],0x0000e6f8893931a4
248485.0,2360661,python,[JIT],0x0000e6f8893c8118
248484.0,2360757,python,[JIT],0x0000eee23f7cb218
248484.0,2360725,python,python,_PyObject_GetAttrStackRef
248483.0,2360725,python,[kernel.kallsyms],__arm64_sys_mmap
248482.0,2360642,python,[kernel.kallsyms],_raw_spin_lock
248482.0,2360642,python,[JIT],0x0000eaf838814294
248481.0,2360642,python,[JIT],0x0000eaf838817324
248481.0,2360757,python,[JIT],0x0000eee23f8a32b4
248481.0,2360885,python,python,_PyType_LookupStackRefAndVersion
248480.0,2360642,python,[JIT],0x0000eaf8388460d8
248480.0,2360725,python,[JIT],0x0000f595320210a0
248479.0,2360757,python,python,float_dealloc
248479.0,2360757,python,python,match_dealloc
248479.0,2360885,python,[JIT],0x0000eddf7b9672d8
248478.0,2360821,python,[JIT],0x0000f60e423ee380
248478.0,2360885,python,[JIT],0x0000eddf7b8bc07c
248478.0,2360885,python,[JIT],0x0000eddf7b993264
248478.0,2360661,python,[JIT],0x0000e6f889399960
248477.0,2360757,python,[JIT],0x0000eee23f8a31d0
248477.0,2360885,python,python,_PyEvalFramePushAndInit
248477.0,2360821,python,[JIT],0x0000f60e423ea8e0
248477.0,2360661,python,[JIT],0x0000e6f88939f218
248476.0,2360885,python,[JIT],0x0000eddf7b8bc498
248475.0,2360642,python,[JIT],0x0000eaf8388460dc
248475.0,2360885,python,python,PyDict_GetItemRef
248475.0,2360757,python,python,gen_dealloc
248475.0,2360821,python,[JIT],0x0000f60e423ea038
248475.0,2360661,python,[JIT],0x0000e6f88939c330
248474.0,2360642,python,[JIT],0x0000eaf838814500
248474.0,2360885,python,python,_Py_VectorCallInstrumentation_StackRefSteal
248474.0,2360725,python,[JIT],0x0000f59531f78570
248474.0,2360725,python,[JIT],0x0000f59532021030
248474.0,2360725,python,python,PyTime_PerfCounter
248474.0,2360661,python,python,tuple_hash
248474.0,2360885,python,[JIT],0x0000eddf7b993188
248473.0,2360725,python,python,_PyEval_Vector
248473.0,2360853,python,python,PyMem_Realloc
248472.0,2360661,python,python,memchr@plt
248472.0,2360661,python,python,tuple_length
248471.0,2360642,python,[JIT],0x0000eaf838814550
248471.0,2360642,python,[JIT],0x0000eaf838817794
248471.0,2360757,python,[kernel.kallsyms],folio_lruvec_lock_irqsave
248470.0,2360757,python,python,PyBool_FromLong
248470.0,2360757,python,python,_PyOptimizer_Optimize
248469.0,2360757,python,[JIT],0x0000eee23f87a318
248469.0,2360725,python,[JIT],0x0000f5953204c234
248468.0,2360757,python,[JIT],0x0000eee23f8a33b0
248468.0,2360821,python,python,PyObject_GetIter
248468.0,2360821,python,[JIT],0x0000f60e424bb07c
248468.0,2360885,python,python,_Py_read
248468.0,2360661,python,[JIT],0x0000e6f889395258
248467.0,2360821,python,[JIT],0x0000f60e423eb258
248467.0,2360661,python,[JIT],0x0000e6f889395064
248466.0,2360757,python,python,set_lookkey
248466.0,2360725,python,python,_PyTuple_FromStackRefStealOnSuccess
248466.0,2360661,python,[kernel.kallsyms],el0_da
248465.0,2360821,python,[JIT],0x0000f60e423ee280
248465.0,2360661,python,[JIT],0x0000e6f889398274
248464.0,2360642,python,[JIT],0x0000eaf8388142dc
248464.0,2360642,python,[JIT],0x0000eaf83881771c
248464.0,2360821,python,python,_PyOptimizer_Optimize
248464.0,2360725,python,python,_PyObject_GC_NewVar
248464.0,2360725,python,python,_PyThreadState_PushFrame
248464.0,2360661,python,[JIT],0x0000e6f88939c428
248464.0,2360853,python,python,PyObject_Hash
248463.0,2360642,python,[JIT],0x0000eaf83884536c
248463.0,2360642,python,[JIT],0x0000eaf8388462ac
248463.0,2360821,python,[JIT],0x0000f60e423ea774
248463.0,2360821,python,python,unicode_dealloc
248462.0,2360642,python,[kernel.kallsyms],get_task_policy.part.0
248462.0,2360757,python,python,_PyCallMethodDescriptorFastWithKeywords_StackRef
248462.0,2360885,python,[JIT],0x0000eddf7b8bc918
248461.0,2360821,python,[JIT],0x0000f60e423ea660
248460.0,2360757,python,[JIT],0x0000eee23f878f0c
248460.0,2360725,python,[JIT],0x0000f59531f7a0c4
248460.0,2360821,python,[JIT],0x0000f60e424bb2fc
248460.0,2360853,python,python,_PyMem_RawMalloc
248459.0,2360757,python,python,_PyObject_GenericGetAttrWithDict
248459.0,2360725,python,[JIT],0x0000f59532021350
248458.0,2360821,python,python,long_hash
248458.0,2360885,python,python,memchr@plt
248457.0,2360853,python,python,call_special_method
248456.0,2360661,python,[JIT],0x0000e6f8893983ec
248455.0,2360885,python,python,_PyTuple_FromStackRefStealOnSuccess
248455.0,2360725,python,python,unicodekeys_lookup_unicode
248455.0,2360725,python,[JIT],0x0000f5953204c204
248455.0,2360821,python,python,_PyRunRemoteDebugger
248455.0,2360821,python,[kernel.kallsyms],sched_mm_cid_remote_clear
248454.0,2360642,python,[JIT],0x0000eaf838814008
248454.0,2360757,python,[JIT],0x0000eee23f879278
248453.0,2360821,python,[JIT],0x0000f60e423ea500
248453.0,2360821,python,[JIT],0x0000f60e423ea6ec
248452.0,2360661,python,[JIT],0x0000e6f88939f158
248451.0,2360885,python,python,_PyForIter_VirtualIteratorNext
248451.0,2360725,python,[JIT],0x0000f59531f7b000
248450.0,2360757,python,[JIT],0x0000eee23f7ce9f4
248450.0,2360725,python,[JIT],0x0000f5953204c118
248450.0,2360821,python,[JIT],0x0000f60e423ec05c
248449.0,2360725,python,python,rangeiter_dealloc
248449.0,2360821,python,[JIT],0x0000f60e424bb100
248449.0,2360725,python,python,tuple_alloc
248449.0,2360885,python,[kernel.kallsyms],mas_data_end
248449.0,2360885,python,[JIT],0x0000eddf7b8be37c
248448.0,2360757,python,python,_textiowrapper_writeflush
248448.0,2360757,python,[JIT],0x0000eee23f87a094
248448.0,2360821,python,[JIT],0x0000f60e423ee224
248448.0,2360821,python,python,PyList_New.constprop.0
248448.0,2360885,python,python,_PyType_GetDict
248448.0,2360661,python,[JIT],0x0000e6f8893c8110
248447.0,2360853,python,python,_PyThreadState_PopFrame
248446.0,2360642,python,[kernel.kallsyms],jbd2_write_access_granted
248446.0,2360642,python,[JIT],0x0000eaf838817294
248446.0,2360885,python,[kernel.kallsyms],perf_iterate_ctx
248445.0,2360642,python,[JIT],0x0000eaf838814030
248445.0,2360725,python,[JIT],0x0000f59531f76a1c
248445.0,2360661,python,python,method_vectorcall_O
248444.0,2360661,python,[JIT],0x0000e6f8893984e8
248443.0,2360642,python,[JIT],0x0000eaf838846130
248443.0,2360821,python,[JIT],0x0000f60e423e713c
248442.0,2360642,python,python,_PyObject_GetAttrStackRef
248441.0,2360885,python,python,PyType_IsSubtype
248441.0,2360661,python,[JIT],0x0000e6f88939f170
248440.0,2360757,python,[JIT],0x0000eee23f7cf1f0
248440.0,2360725,python,[JIT],0x0000f595320210e0
248440.0,2360853,python,python,PyUnicode_Substring
248440.0,2360853,python,[JIT],0x0000fb4128de6188
248439.0,2360661,python,python,PyErr_CheckSignals
248438.0,2360725,python,[JIT],0x0000f59531f7b5b0
248438.0,2360821,python,[JIT],0x0000f60e423ee0f8
248438.0,2360821,python,[JIT],0x0000f60e424bb03c
248437.0,2360757,python,[JIT],0x0000eee23f7ce39c
248437.0,2360757,python,[JIT],0x0000eee23f8773f4
248437.0,2360821,python,[JIT],0x0000f60e424bb36c
248437.0,2360661,python,python,_PyObject_GC_NewVar
248437.0,2360853,python,python,_Py_Specialize_LoadGlobal
248434.0,2360642,python,python,PyBytes_FromStringAndSize
248434.0,2360661,python,[JIT],0x0000e6f8893912e0
248433.0,2360642,python,python,PyBool_FromLong
248433.0,2360642,python,[JIT],0x0000eaf83881c424
248433.0,2360821,python,libc.so.6,realloc
248433.0,2360821,python,[JIT],0x0000f60e424921c0
248432.0,2360757,python,[JIT],0x0000eee23f8732f4
248432.0,2360725,python,[JIT],0x0000f59531f7b6c4
248431.0,2360642,python,[JIT],0x0000eaf8388129f0
248431.0,2360885,python,[JIT],0x0000eddf7b9636cc
248431.0,2360661,python,python,textiowrapper_read_chunk
248431.0,2360661,python,[JIT],0x0000e6f8892e80ec
248430.0,2360821,python,python,_PyUnicode_IsNumeric
248430.0,2360661,python,[JIT],0x0000e6f8893950a4
248429.0,2360757,python,[JIT],0x0000eee23f8a3150
248429.0,2360725,python,[kernel.kallsyms],vma_prepare
248429.0,2360821,python,[JIT],0x0000f60e424bb2f0
248429.0,2360661,python,[JIT],0x0000e6f88939d228
248428.0,2360757,python,libc.so.6,__memchr_generic
248428.0,2360757,python,[JIT],0x0000eee23f873328
248428.0,2360725,python,[JIT],0x0000f5953204c15c
248427.0,2360821,python,python,_PyStaticType_GetState
248427.0,2360885,python,[JIT],0x0000eddf7b99306c
248426.0,2360642,python,[JIT],0x0000eaf838846158
248426.0,2360757,python,[JIT],0x0000eee23f7ce4b4
248426.0,2360757,python,[JIT],0x0000eee23f7ce9ec
248426.0,2360661,python,python,emit__DEOPT_r00
248425.0,2360661,python,python,match_dealloc
248425.0,2360885,python,[JIT],0x0000eddf7b963338
248424.0,2360725,python,[JIT],0x0000f59531f7b6c0
248424.0,2360821,python,[JIT],0x0000f60e423ea160
248424.0,2360885,python,[JIT],0x0000eddf7b968088
248423.0,2360642,python,[JIT],0x0000eaf83881a1c0
248423.0,2360757,python,[JIT],0x0000eee23f7cc96c
248423.0,2360757,python,libc.so.6,realloc
248423.0,2360725,python,[JIT],0x0000f59531f7e2e0
248423.0,2360821,python,python,PyUnicode_New.part.0
248422.0,2360725,python,python,_PyThreadState_PopFrame
248422.0,2360661,python,python,PyObject_Free
248421.0,2360757,python,[JIT],0x0000eee23f7ce354
248421.0,2360757,python,[JIT],0x0000eee23f8a330c
248421.0,2360661,python,python,PyUnicode_Contains
248420.0,2360642,python,[JIT],0x0000eaf8388462a4
248420.0,2360661,python,python,PyDescr_IsData
248420.0,2360661,python,[JIT],0x0000e6f88939d1e4
248419.0,2360725,python,[JIT],0x0000f59531f781cc
248418.0,2360757,python,[JIT],0x0000eee23f873124
248418.0,2360725,python,[JIT],0x0000f59531f78350
248418.0,2360853,python,python,PyType_GetModule
248418.0,2360853,python,libc.so.6,realloc
248416.0,2360642,python,python,method_vectorcall_O
248416.0,2360757,python,python,_PyObject_GC_NewVar
248416.0,2360885,python,python,slot_tp_descr_get
248415.0,2360725,python,[JIT],0x0000f59531f79230
248415.0,2360853,python,python,long_mul_method
248414.0,2360642,python,python,_PyObject_VectorcallPrepend
248414.0,2360757,python,[JIT],0x0000eee23f876088
248414.0,2360757,python,python,_sre_SRE_Pattern_sub
248414.0,2360821,python,python,va_build_value
248413.0,2360725,python,[JIT],0x0000f59531f7b3bc
248412.0,2360661,python,python,PyMem_Free
248411.0,2360757,python,python,_PyTuple_FromStackRefStealOnSuccess
248411.0,2360725,python,python,_PyDict_Subscript
248411.0,2360885,python,[JIT],0x0000eddf7b993260
248410.0,2360661,python,python,allocate_from_new_pool
248409.0,2360757,python,[JIT],0x0000eee23f87a2f0
248409.0,2360725,python,python,PyList_New.constprop.0
248409.0,2360661,python,[JIT],0x0000e6f88939f120
248408.0,2360642,python,[JIT],0x0000eaf838812498
248407.0,2360757,python,[JIT],0x0000eee23f7ce160
248407.0,2360725,python,[JIT],0x0000f59531f78820
248406.0,2360725,python,python,_Py_uop_analyze_and_optimize
248406.0,2360725,python,python,getstring
248406.0,2360885,python,[JIT],0x0000eddf7b963230
248405.0,2360642,python,[JIT],0x0000eaf83881738c
248404.0,2360885,python,python,PyObject_IsInstance
248404.0,2360885,python,python,_PyCallMethodDescriptorFastWithKeywords_StackRef
248404.0,2360853,python,python,_PyTuple_FromStackRefStealOnSuccess
248404.0,2360853,python,python,assign_version_tag
248403.0,2360885,python,python,tuple_traverse
248403.0,2360725,python,[JIT],0x0000f59531f784e4
248403.0,2360725,python,[JIT],0x0000f59531f7f034
248402.0,2360725,python,[JIT],0x0000f5953204c338
248402.0,2360885,python,[JIT],0x0000eddf7b96606c
248401.0,2360725,python,[JIT],0x0000f59531f78624
248401.0,2360821,python,[JIT],0x0000f60e424bb218
248401.0,2360885,python,[JIT],0x0000eddf7b8be6b0
248400.0,2360642,python,[JIT],0x0000eaf8388462b4
248400.0,2360725,python,[JIT],0x0000f59532021028
248400.0,2360661,python,python,call_special_method
248400.0,2360661,python,libc.so.6,__memset_zva64
248400.0,2360661,python,[JIT],0x0000e6f889395980
248399.0,2360725,python,libc.so.6,unlink_chunk.isra.0
248399.0,2360821,python,[JIT],0x0000f60e424bb3b0
248398.0,2360661,python,python,PyDict_GetItemRef
248398.0,2360853,python,python,PyList_New.constprop.0
248398.0,2360853,python,[JIT],0x0000fb4128de520c
248397.0,2360757,python,python,PyObject_GetIter
248397.0,2360757,python,libc.so.6,unlink_chunk.isra.0
248396.0,2360757,python,[JIT],0x0000eee23f8a3114
248396.0,2360725,python,python,frame_dealloc
248396.0,2360853,python,python,_PyUnicode_IsNumeric
248395.0,2360757,python,[JIT],0x0000eee23f7ce6b0
248395.0,2360757,python,[JIT],0x0000eee23f87324c
248395.0,2360661,python,python,method_vectorcall_FASTCALL_KEYWORDS_METHOD
248394.0,2360725,python,[JIT],0x0000f5953202110c
248393.0,2360821,python,python,_PyThreadState_PushFrame
248392.0,2360642,python,python,PyErr_GivenExceptionMatches
248392.0,2360757,python,python,PyObject_Malloc
248392.0,2360725,python,[JIT],0x0000f59531f7bec8
248391.0,2360642,python,python,range_iter
248391.0,2360725,python,python,PyNumber_Add
248391.0,2360661,python,[JIT],0x0000e6f8893982b8
248390.0,2360853,python,python,list_dealloc
248389.0,2360885,python,python,PyList_New
248388.0,2360821,python,[JIT],0x0000f60e424bb214
248388.0,2360885,python,[JIT],0x0000eddf7b8be154
248387.0,2360642,python,python,PyErr_GetRaisedException
248387.0,2360757,python,python,PyCallable_Check
248386.0,2360642,python,[JIT],0x0000eaf8388162fc
248386.0,2360853,python,python,initialize_locals
248385.0,2360642,python,[JIT],0x0000eaf8388462f0
248385.0,2360642,python,[JIT],0x0000eaf838846328
248385.0,2360821,python,[JIT],0x0000f60e423ee424
248383.0,2360821,python,[JIT],0x0000f60e423ea410
248383.0,2360853,python,python,siphash13
248381.0,2360642,python,python,optimize_uops.isra.0
248381.0,2360821,python,[JIT],0x0000f60e423e7730
248381.0,2360661,python,python,type___instancecheck__
248380.0,2360642,python,[kernel.kallsyms],up_write
248380.0,2360821,python,python,unicodekeys_lookup_unicode
248379.0,2360642,python,[JIT],0x0000eaf83884614c
248379.0,2360642,python,[JIT],0x0000eaf8388461e8
248379.0,2360757,python,python,unicodekeys_lookup_unicode
248379.0,2360725,python,libc.so.6,_int_free
248379.0,2360885,python,[JIT],0x0000eddf7b993198
248379.0,2360661,python,[JIT],0x0000e6f8893973a8
248379.0,2360853,python,python,PyObject_IsInstance
248379.0,2360853,python,python,memset@plt
248378.0,2360885,python,python,_PyTypeCache_Lookup
248376.0,2360757,python,[JIT],0x0000eee23f8a3344
248375.0,2360757,python,python,_PyStaticType_GetState
248374.0,2360642,python,[JIT],0x0000eaf83881c0a8
248374.0,2360757,python,[JIT],0x0000eee23f8a3240
248374.0,2360725,python,[JIT],0x0000f59531f7b7d8
248374.0,2360821,python,python,tuple_dealloc
248374.0,2360885,python,[JIT],0x0000eddf7b9634c4
248373.0,2360642,python,python,func_descr_get
248372.0,2360661,python,python,long_bool
248371.0,2360725,python,python,_PyLong_FromMedium
248371.0,2360885,python,[JIT],0x0000eddf7b9681e4
248370.0,2360725,python,libc.so.6,__memchr_generic
248370.0,2360821,python,[JIT],0x0000f60e423e71f8
248370.0,2360661,python,python,PyObject_IsTrue
248370.0,2360885,python,[JIT],0x0000eddf7b993170
248370.0,2360661,python,python,slot_tp_descr_get
248369.0,2360725,python,python,visit_decref
248369.0,2360853,python,python,BaseException_vectorcall
248368.0,2360885,python,[JIT],0x0000eddf7b968320
248367.0,2360642,python,python,_PyForIter_VirtualIteratorNext
248366.0,2360821,python,python,_PyEval_FrameClearAndPop
248365.0,2360757,python,python,_PyEval_Vector
248365.0,2360725,python,[JIT],0x0000f59531f7b6a4
248365.0,2360821,python,python,_PyEval_Vector
248364.0,2360821,python,[JIT],0x0000f60e423e71bc
248364.0,2360821,python,python,_sre_SRE_Pattern_sub
248364.0,2360885,python,[kernel.kallsyms],__pi_clear_page
248364.0,2360853,python,python,getstring
248362.0,2360821,python,python,_PyEval_GetIter
248361.0,2360885,python,[JIT],0x0000eddf7b8b9cf4
248360.0,2360757,python,python,slot_sq_length
248360.0,2360725,python,[JIT],0x0000f59531f7f43c
248360.0,2360725,python,python,list_append
248360.0,2360885,python,python,PyErr_CheckSignals
248360.0,2360853,python,python,PyCMethod_New
248359.0,2360642,python,[JIT],0x0000eaf838846214
248359.0,2360757,python,[JIT],0x0000eee23f7ce140
248359.0,2360885,python,python,_PyFrame_New_NoTrack
248358.0,2360757,python,[JIT],0x0000eee23f8a30dc
248358.0,2360661,python,python,_PyList_FromStackRefStealOnSuccess
248358.0,2360661,python,python,visit_reachable
248358.0,2360853,python,[JIT],0x0000fb4128de5338
248357.0,2360642,python,[JIT],0x0000eaf8388460e0
248357.0,2360757,python,[JIT],0x0000eee23f7ce0f0
248356.0,2360757,python,libc.so.6,_int_free_create_chunk
248355.0,2360821,python,python,BaseException_vectorcall
248355.0,2360661,python,python,PyDescr_IsData
248354.0,2360725,python,[JIT],0x0000f5953204c084
248353.0,2360821,python,[JIT],0x0000f60e423e75d4
248351.0,2360885,python,python,PyObject_GetOptionalAttr
248351.0,2360757,python,python,PySequence_Contains
248351.0,2360885,python,[JIT],0x0000eddf7b963210
248349.0,2360661,python,[JIT],0x0000e6f8893c8144
248348.0,2360885,python,python,_PyUnicode_IsNumeric
248348.0,2360661,python,python,PyLong_FromString
248348.0,2360885,python,[JIT],0x0000eddf7b9633f4
248347.0,2360642,python,python,visit_reachable
248347.0,2360661,python,python,_PyDict_Subscript
248346.0,2360853,python,python,_PySet_Contains
248345.0,2360885,python,[JIT],0x0000eddf7b968254
248343.0,2360821,python,python,gc_collect_main
248342.0,2360885,python,python,PyNumber_Index
248342.0,2360725,python,python,method_get
248341.0,2360885,python,python,_sre_unicode_iscased
248341.0,2360757,python,python,get_exception_handler.isra.0
248341.0,2360725,python,python,method_vectorcall_FASTCALL_KEYWORDS_METHOD
248341.0,2360661,python,python,_PySet_Contains
248341.0,2360661,python,python,_PyUnicode_IsDecimalDigit
248341.0,2360661,python,[JIT],0x0000e6f889396234
248340.0,2360642,python,python,list_append
248340.0,2360885,python,python,PyObject_IsTrue
248339.0,2360642,python,[JIT],0x0000eaf838846100
248338.0,2360885,python,python,compactlongs_guard
248338.0,2360885,python,python,watch_type
248337.0,2360642,python,python,PyLong_FromSsize_t
248337.0,2360642,python,python,visit_decref
248337.0,2360757,python,python,_PyEval_MonitorRaise
248337.0,2360757,python,python,tuple_length
248336.0,2360725,python,python,_PyForIter_VirtualIteratorNext
248336.0,2360725,python,python,_PyList_AppendTakeRefListResize
248335.0,2360725,python,[JIT],0x0000f59531f7b31c
248334.0,2360757,python,python,_PyObject_GetAttrStackRef
248329.0,2360757,python,[kernel.kallsyms],__pi_clear_page
248329.0,2360821,python,python,PyLong_AsSsize_t
248328.0,2360885,python,[JIT],0x0000eddf7b968294
248327.0,2360885,python,python,range_dealloc
248326.0,2360885,python,libc.so.6,cfree@GLIBC_2.17
248325.0,2360757,python,python,object_isinstance
248325.0,2360821,python,python,PyUnicode_Join
248323.0,2360725,python,libc.so.6,__memset_zva64
248323.0,2360725,python,python,bytearray_ass_subscript_lock_held
248322.0,2360757,python,python,_Py_BuiltinCallFastWithKeywords_StackRef
248321.0,2360821,python,[JIT],0x0000f60e424bb0cc
248319.0,2360642,python,python,_PyFunction_Vectorcall
248319.0,2360642,python,python,gc_collect_main
248319.0,2360885,python,python,PyLong_FromString
248319.0,2360757,python,python,_PyUnicode_IsDigit
248319.0,2360853,python,python,_PyCompactLong_Add
248317.0,2360725,python,python,_Py_Specialize_BinaryOp
248316.0,2360885,python,python,PyTraceBack_Here
248316.0,2360821,python,[kernel.kallsyms],__flush_tlb_range
248316.0,2360885,python,libc.so.6,__GI___pthread_self
248315.0,2360885,python,[JIT],0x0000eddf7b9634dc
248315.0,2360853,python,python,tuple_alloc
248314.0,2360661,python,libc.so.6,unlink_chunk.isra.0
248313.0,2360642,python,python,PyByteArray_FromStringAndSize
248313.0,2360821,python,[JIT],0x0000f60e423ee4b0
248313.0,2360853,python,python,PyLong_AsLong
248311.0,2360725,python,python,PySequence_Fast
248311.0,2360725,python,python,match_dealloc
248310.0,2360757,python,python,_PyDict_Subscript
248310.0,2360821,python,python,compactlongs_guard
248309.0,2360885,python,[JIT],0x0000eddf7b9631b8
248308.0,2360725,python,[JIT],0x0000f5953204c130
248308.0,2360853,python,python,slot_tp_descr_get
248307.0,2360821,python,python,_PyObject_GetMethodStackRef
248306.0,2360757,python,[JIT],0x0000eee23f8a30cc
248306.0,2360853,python,python,_PyList_AppendTakeRefListResize
248305.0,2360661,python,python,PyLong_FromSsize_t
248305.0,2360661,python,python,_sre_SRE_Pattern_sub
248303.0,2360885,python,python,tuple_hash
248303.0,2360725,python,python,PyDescr_IsData
248302.0,2360821,python,python,_PyThreadState_PopFrame
248300.0,2360885,python,python,PyObject_RichCompareBool
248300.0,2360821,python,python,slice_dealloc
248300.0,2360885,python,[JIT],0x0000eddf7b8be62c
248299.0,2360821,python,python,PyLong_AsSsize_t
248298.0,2360757,python,python,PyMem_Free
248297.0,2360821,python,python,PyObject_CheckBuffer
248295.0,2360757,python,python,dict_traverse
248295.0,2360661,python,python,PyObject_GetOptionalAttr
248294.0,2360642,python,python,PySlice_Unpack
248294.0,2360642,python,[JIT],0x0000eaf83881724c
248294.0,2360757,python,python,PyDict_GetItemRef
248294.0,2360757,python,python,long_richcompare
248293.0,2360885,python,python,PyUnicode_Substring
248293.0,2360821,python,python,PyObject_GC_UnTrack
248293.0,2360661,python,python,PyObject_IS_GC
248292.0,2360661,python,python,min_max
248290.0,2360885,python,python,_sre_SRE_Pattern_split
248288.0,2360757,python,python,_PyEval_FrameClearAndPop
248286.0,2360885,python,python,list_subscript
248284.0,2360757,python,python,_PyThreadState_PopFrame
248283.0,2360642,python,python,PySequence_Contains
248283.0,2360661,python,python,bytes_richcompare
248281.0,2360821,python,python,_PyUnicode_Equal
248280.0,2360821,python,python,visit_reachable
248276.0,2360885,python,python,PyObject_VisitManagedDict
248273.0,2360885,python,python,_PyThreadState_PushFrame
248273.0,2360853,python,python,PyLong_FromString
248268.0,2360821,python,python,PyObject_Hash
248267.0,2360821,python,python,func_descr_get
248266.0,2360757,python,python,strlen@plt
248266.0,2360661,python,python,long_richcompare
248263.0,2360885,python,python,_PyDict_LookupIndexAndValue
248262.0,2360642,python,python,range_subscript
248261.0,2360885,python,python,bytearray_subscript
248261.0,2360821,python,[kernel.kallsyms],mas_ascend
248261.0,2360661,python,python,PyNumber_AsSsize_t
248261.0,2360885,python,python,unicode_hash
248261.0,2360885,python,[JIT],0x0000eddf7b8be71c
248261.0,2360853,python,python,list_subscript
248260.0,2360885,python,python,PyTuple_FromArray.part.0
248259.0,2360757,python,python,initialize_locals
248258.0,2360885,python,python,_PyDict_Subscript
248257.0,2360757,python,python,visit_reachable
248256.0,2360725,python,python,dict_dealloc
248256.0,2360661,python,python,_sre_SRE_Pattern_split
248255.0,2360661,python,python,PyType_GenericAlloc
248254.0,2360821,python,python,unicodekeys_lookup_unicode
248244.0,2360661,python,[JIT],0x0000e6f8893c81e0
248243.0,2360725,python,libc.so.6,malloc
248243.0,2360661,python,python,make_gen
248243.0,2360661,python,[JIT],0x0000e6f889398560
248232.0,2360885,python,python,_Py_Specialize_LoadAttr
248232.0,2360821,python,python,PyMem_Calloc
248230.0,2360757,python,libc.so.6,_int_free_maybe_consolidate.part.0
248229.0,2360821,python,python,_Py_CheckFunctionResult
248228.0,2360642,python,python,_PyEval_GetIter
248226.0,2360642,python,python,_validate_inner
248218.0,2360821,python,[JIT],0x0000f60e423e79e8
248204.0,2360885,python,python,gc_collect_main
248203.0,2360661,python,python,PyType_IsSubtype
248202.0,2360853,python,python,_sre_SRE_Pattern_split
248198.0,2360885,python,python,_PyObject_Realloc
248195.0,2360885,python,python,build_indices_generic
248193.0,2360885,python,[kernel.kallsyms],lock_vma_under_rcu
248193.0,2360725,python,[kernel.kallsyms],_raw_spin_unlock_irqrestore
248192.0,2360853,python,python,PyObject_GC_UnTrack
248191.0,2360885,python,python,PyObject_GetItem
248180.0,2360757,python,python,_PyEval_GetIter
248179.0,2360642,python,libc.so.6,_int_realloc
248178.0,2360661,python,python,unicodekeys_lookup_unicode
248169.0,2360885,python,libc.so.6,_int_free_create_chunk
248169.0,2360885,python,[JIT],0x0000eddf7b96a388
248168.0,2360757,python,python,PyList_New
248167.0,2360757,python,python,PyErr_SetRaisedException
248153.0,2360757,python,[JIT],0x0000eee23f87a1cc
248143.0,2360853,python,python,long_dealloc
248134.0,2360757,python,python,PySlice_New
248121.0,2360821,python,[JIT],0x0000f60e4249231c
248070.0,2360757,python,[kernel.kallsyms],rcu_nocb_unlock_irqrestore
248065.0,2360885,python,[JIT],0x0000eddf7b96a118
248026.0,2360642,python,python,type___instancecheck__
247978.0,2360725,python,[JIT],0x0000f5953204c0d8
247978.0,2360725,python,[JIT],0x0000f5953204c170
247916.0,2360885,python,[JIT],0x0000eddf7b96a100
247882.0,2360725,python,python,_PyStaticType_GetState
247812.0,2360642,python,[JIT],0x0000eaf838845270
247794.0,2360642,python,[JIT],0x0000eaf83881b1c8
247722.0,2360661,python,[JIT],0x0000e6f8893953ac
247628.0,2360661,python,[JIT],0x0000e6f88939f0b4
247609.0,2360885,python,[JIT],0x0000eddf7b993288
247543.0,2360642,python,python,_PyType_GetDict
247442.0,2360821,python,[JIT],0x0000f60e424bb1e8
247437.0,2360661,python,[JIT],0x0000e6f8893c8184
247310.0,2360821,python,[JIT],0x0000f60e4249141c
247294.0,2360821,python,[JIT],0x0000f60e42492170
247262.0,2360821,python,[JIT],0x0000f60e42491328
247218.0,2360821,python,[JIT],0x0000f60e424bb67c
246879.0,2360885,python,[kernel.kallsyms],vm_area_alloc
246848.0,2360725,python,[JIT],0x0000f59532023260
246795.0,2360642,python,[JIT],0x0000eaf838817800
246511.0,2360642,python,[JIT],0x0000eaf838846190
246418.0,2360661,python,[JIT],0x0000e6f8893910e8
246256.0,2360885,python,python,method_vectorcall_O
246042.0,2360661,python,[JIT],0x0000e6f88939f244
245457.0,2360821,python,[JIT],0x0000f60e424bb184
245244.0,2360885,python,[JIT],0x0000eddf7b9930cc
244955.0,2360661,python,libc.so.6,alloc_perturb
244871.0,2360885,python,python,PyObject_GetOptionalAttr
244826.0,2360821,python,python,PyObject_GC_Track
244357.0,2360757,python,[JIT],0x0000eee23f8a320c
243836.0,2360821,python,[JIT],0x0000f60e424bb1dc
243797.0,2360757,python,[JIT],0x0000eee23f8a32d8
243466.0,2360725,python,[JIT],0x0000f5953204c07c
242984.0,2360661,python,python,emit__HANDLE_PENDING_AND_DEOPT_r10
242697.0,2360757,python,[JIT],0x0000eee23f8a307c
242538.0,2360725,python,[JIT],0x0000f5953204c218
242532.0,2360757,python,[JIT],0x0000eee23f87a398
242253.0,2360661,python,[JIT],0x0000e6f8893c835c
242119.0,2360757,python,[JIT],0x0000eee23f8a3118
242098.0,2360885,python,python,getset_get
241943.0,2360821,python,python,emit__HANDLE_PENDING_AND_DEOPT_r10
241295.0,2360725,python,[JIT],0x0000f5953204c120
241005.0,2360885,python,[JIT],0x0000eddf7b8be1b4
240651.0,2360757,python,[JIT],0x0000eee23f8a3270
239021.0,2360661,python,[JIT],0x0000e6f8893c8120
238870.0,2360725,python,[kernel.kallsyms],khugepaged_enter_vma
236839.0,2360725,python,[JIT],0x0000f5953204c648
235547.0,2360885,python,[JIT],0x0000eddf7b9932e0
235272.0,2360885,python,[JIT],0x0000eddf7b993338
235046.0,2360725,python,[JIT],0x0000f5953204c2cc
234614.0,2360661,python,[JIT],0x0000e6f8893c80e4
234537.0,2360821,python,[JIT],0x0000f60e424bb1c0
234472.0,2360757,python,[JIT],0x0000eee23f8a3094
231969.0,2360757,python,[JIT],0x0000eee23f8a3208
231649.0,2360821,python,[JIT],0x0000f60e42492074
229196.0,2360661,python,[JIT],0x0000e6f88939b114
226748.0,2360725,python,[JIT],0x0000f5953204c094
225646.0,2360661,python,[JIT],0x0000e6f8893c82fc
224581.0,2360661,python,libc.so.6,cfree@GLIBC_2.17
223282.0,2360885,python,[JIT],0x0000eddf7b9932a8
219941.0,2360661,python,python,_PyJit_TryInitializeTracing
214442.0,2360725,python,[kernel.kallsyms],arch_local_irq_restore
213005.0,2360821,python,[kernel.kallsyms],memmove
198956.0,2360661,python,[JIT],0x0000e6f8893c82a8
124716.0,2360853,python,python,PyLong_FromLong
101315.0,2360661,python,[JIT],0x0000e6f8893c8308
62102.0,2360661,python,[kernel.kallsyms],task_mm_cid_work
55911.0,2360885,python,[kernel.kallsyms],task_mm_cid_work
43517.0,2360661,python,python,PyLong_FromLong
34535.0,2360757,python,[kernel.kallsyms],task_mm_cid_work
31905.0,2360853,python,[kernel.kallsyms],mem_cgroup_handle_over_high
29822.0,2360885,python,[kernel.kallsyms],task_mm_cid_work
24872.0,2360661,python,[kernel.kallsyms],sched_mm_cid_remote_clear
15411.0,2360885,python,[kernel.kallsyms],do_notify_resume
9571.0,2360821,python,[kernel.kallsyms],do_notify_resume
9551.0,2360853,python,[kernel.kallsyms],do_notify_resume
8950.0,2360725,python,[kernel.kallsyms],do_notify_resume
4448.0,2360757,python,[kernel.kallsyms],do_notify_resume
3836.0,2360757,python,[kernel.kallsyms],do_notify_resume
1.0,2360642,python,[kernel.kallsyms],finish_task_switch.isra.0
1.0,2360757,python,[kernel.kallsyms],finish_task_switch.isra.0
1.0,2360885,python,[kernel.kallsyms],finish_task_switch.isra.0
1.0,2360757,python,[kernel.kallsyms],finish_task_switch.isra.0
1.0,2360725,python,[kernel.kallsyms],finish_task_switch.isra.0
1.0,2360821,python,[kernel.kallsyms],finish_task_switch.isra.0
1.0,2360725,python,[kernel.kallsyms],finish_task_switch.isra.0
1.0,2360821,python,[kernel.kallsyms],finish_task_switch.isra.0
1.0,2360661,python,[kernel.kallsyms],finish_task_switch.isra.0
1.0,2360885,python,[kernel.kallsyms],finish_task_switch.isra.0
1.0,2360661,python,[kernel.kallsyms],finish_task_switch.isra.0
1.0,2360853,python,[kernel.kallsyms],finish_task_switch.isra.0
